Blogon-Blogon-BNologon-BUrl-,BlBlBNBU
Blogon-BNologon-BUrl-CSendEmail-,BlBNBUCS
BNologon-BUrl-CSendEmail-CUrl-,BNBUCSCU
BUrl-CSendEmail-CUrl-CNologon-,BUCSCUCN
CSendEmail-CUrl-CNologon-Blogon-,CSCUCNBl
CUrl-CNologon-Blogon-BUrl-,CUCNBlBU
CNologon-Blogon-BUrl-CUrl-,CNBlBUCU
Blogon-BUrl-CUrl-CSendEmail-,BlBUCUCS
BUrl-CUrl-CSendEmail-CNologon-,BUCUCSCN
CUrl-CSendEmail-CNologon-Blogon-,CUCSCNBl
CSendEmail-CNologon-Blogon-BUrl-,CSCNBlBU
CNologon-Blogon-BUrl-BSendEmail-,CNBlBUBS
Blogon-BUrl-BSendEmail-BUrl-,BlBUBSBU
BUrl-BSendEmail-BUrl-CUrl-,BUBSBUCU
BSendEmail-BUrl-CUrl-CNologon-,BSBUCUCN
BUrl-CUrl-CNologon-Blogon-,BUCUCNBl
CUrl-CNologon-Blogon-BUrl-,CUCNBlBU
CNologon-Blogon-BUrl-CUrl-,CNBlBUCU
Blogon-BUrl-CUrl-CSendEmail-,BlBUCUCS
BUrl-CUrl-CSendEmail-CUrl-,BUCUCSCU
CUrl-CSendEmail-CUrl-CNologon-,CUCSCUCN
CSendEmail-CUrl-CNologon-Blogon-,CSCUCNBl
CUrl-CNologon-Blogon-BUrl-,CUCNBlBU
CNologon-Blogon-BUrl-CUrl-,CNBlBUCU
Blogon-BUrl-CUrl-CSendEmail-,BlBUCUCS
BUrl-CUrl-CSendEmail-CUrl-,BUCUCSCU
CUrl-CSendEmail-CUrl-CNologon-,CUCSCUCN
CSendEmail-CUrl-CNologon-Blogon-,CSCUCNBl
CUrl-CNologon-Blogon-BUrl-,CUCNBlBU
CNologon-Blogon-BUrl-Clogon-,CNBlBUCl
Blogon-BUrl-Clogon-CUrl-,BlBUClCU
BUrl-Clogon-CUrl-CNologon-,BUClCUCN
Clogon-CUrl-CNologon-CUrl-,ClCUCNCU
CUrl-CNologon-CUrl-CSendEmail-,CUCNCUCS
CNologon-CUrl-CSendEmail-CUrl-,CNCUCSCU
CUrl-CSendEmail-CUrl-CNologon-,CUCSCUCN
CSendEmail-CUrl-CNologon-Blogon-,CSCUCNBl
CUrl-CNologon-Blogon-BUrl-,CUCNBlBU
CNologon-Blogon-BUrl-CUrl-,CNBlBUCU
Blogon-BUrl-CUrl-CSendEmail-,BlBUCUCS
BUrl-CUrl-CSendEmail-CNologon-,BUCUCSCN
CUrl-CSendEmail-CNologon-Blogon-,CUCSCNBl
CSendEmail-CNologon-Blogon-BUrl-,CSCNBlBU
CNologon-Blogon-BUrl-CUrl-,CNBlBUCU
Blogon-BUrl-CUrl-CSendEmail-,BlBUCUCS
BUrl-CUrl-CSendEmail-CUrl-,BUCUCSCU
CUrl-CSendEmail-CUrl-CNologon-,CUCSCUCN
CSendEmail-CUrl-CNologon-Blogon-,CSCUCNBl
CUrl-CNologon-Blogon-Blogon-,CUCNBlBl
CNologon-Blogon-Blogon-BUrl-,CNBlBlBU
Blogon-Blogon-BUrl-BNologon-,BlBlBUBN
Blogon-BUrl-BNologon-BUrl-,BlBUBNBU
BUrl-BNologon-BUrl-CSendEmail-,BUBNBUCS
BNologon-BUrl-CSendEmail-CUrl-,BNBUCSCU
BUrl-CSendEmail-CUrl-CNologon-,BUCSCUCN
CSendEmail-CUrl-CNologon-Blogon-,CSCUCNBl
CUrl-CNologon-Blogon-BUrl-,CUCNBlBU
CNologon-Blogon-BUrl-CUrl-,CNBlBUCU
Blogon-BUrl-CUrl-CNologon-,BlBUCUCN
BUrl-CUrl-CNologon-Blogon-,BUCUCNBl
CUrl-CNologon-Blogon-BUrl-,CUCNBlBU
CNologon-Blogon-BUrl-BSendEmail-,CNBlBUBS
Blogon-BUrl-BSendEmail-BUrl-,BlBUBSBU
BUrl-BSendEmail-BUrl-CUrl-,BUBSBUCU
BSendEmail-BUrl-CUrl-CNologon-,BSBUCUCN
BUrl-CUrl-CNologon-Blogon-,BUCUCNBl
CUrl-CNologon-Blogon-BUrl-,CUCNBlBU
CNologon-Blogon-BUrl-CUrl-,CNBlBUCU
Blogon-BUrl-CUrl-CSendEmail-,BlBUCUCS
BUrl-CUrl-CSendEmail-CUrl-,BUCUCSCU
CUrl-CSendEmail-CUrl-CNologon-,CUCSCUCN
CSendEmail-CUrl-CNologon-Blogon-,CSCUCNBl
CUrl-CNologon-Blogon-BUrl-,CUCNBlBU
CNologon-Blogon-BUrl-CSendEmail-,CNBlBUCS
Blogon-BUrl-CSendEmail-CUrl-,BlBUCSCU
BUrl-CSendEmail-CUrl-CNologon-,BUCSCUCN
CSendEmail-CUrl-CNologon-Blogon-,CSCUCNBl
CUrl-CNologon-Blogon-BUrl-,CUCNBlBU
CNologon-Blogon-BUrl-BSendEmail-,CNBlBUBS
Blogon-BUrl-BSendEmail-BUrl-,BlBUBSBU
BUrl-BSendEmail-BUrl-CUrl-,BUBSBUCU
BSendEmail-BUrl-CUrl-CNologon-,BSBUCUCN
BUrl-CUrl-CNologon-Blogon-,BUCUCNBl
CUrl-CNologon-Blogon-BUrl-,CUCNBlBU
CNologon-Blogon-BUrl-BSendEmail-,CNBlBUBS
Blogon-BUrl-BSendEmail-CUrl-,BlBUBSCU
BUrl-BSendEmail-CUrl-Clogon-,BUBSCUCl
BSendEmail-CUrl-Clogon-CUrl-,BSCUClCU
CUrl-Clogon-CUrl-CNologon-,CUClCUCN
Clogon-CUrl-CNologon-CUrl-,ClCUCNCU
CUrl-CNologon-CUrl-CNologon-,CUCNCUCN
CNologon-CUrl-CNologon-Blogon-,CNCUCNBl
CUrl-CNologon-Blogon-BUrl-,CUCNBlBU
CNologon-Blogon-BUrl-CSendEmail-,CNBlBUCS
Blogon-BUrl-CSendEmail-CUrl-,BlBUCSCU
BUrl-CSendEmail-CUrl-CNologon-,BUCSCUCN
CSendEmail-CUrl-CNologon-Blogon-,CSCUCNBl
CUrl-CNologon-Blogon-BUrl-,CUCNBlBU
CNologon-Blogon-BUrl-CUrl-,CNBlBUCU
Blogon-BUrl-CUrl-CSendEmail-,BlBUCUCS
BUrl-CUrl-CSendEmail-CUrl-,BUCUCSCU
CUrl-CSendEmail-CUrl-CNologon-,CUCSCUCN
CSendEmail-CUrl-CNologon-Blogon-,CSCUCNBl
CUrl-CNologon-Blogon-Blogon-,CUCNBlBl
CNologon-Blogon-Blogon-BUrl-,CNBlBlBU
Blogon-Blogon-BUrl-BNologon-,BlBlBUBN
Blogon-BUrl-BNologon-BUrl-,BlBUBNBU
BUrl-BNologon-BUrl-CUrl-,BUBNBUCU
BNologon-BUrl-CUrl-CSendEmail-,BNBUCUCS
BUrl-CUrl-CSendEmail-CUrl-,BUCUCSCU
CUrl-CSendEmail-CUrl-CNologon-,CUCSCUCN
CSendEmail-CUrl-CNologon-Blogon-,CSCUCNBl
CUrl-CNologon-Blogon-Blogon-,CUCNBlBl
CNologon-Blogon-Blogon-BNologon-,CNBlBlBN
Blogon-Blogon-BNologon-BUrl-,BlBlBNBU
Blogon-BNologon-BUrl-CUrl-,BlBNBUCU
BNologon-BUrl-CUrl-CSendEmail-,BNBUCUCS
BUrl-CUrl-CSendEmail-CUrl-,BUCUCSCU
CUrl-CSendEmail-CUrl-CNologon-,CUCSCUCN
CSendEmail-CUrl-CNologon-Blogon-,CSCUCNBl
CUrl-CNologon-Blogon-BUrl-,CUCNBlBU
CNologon-Blogon-BUrl-BSendEmail-,CNBlBUBS
Blogon-BUrl-BSendEmail-BUrl-,BlBUBSBU
BUrl-BSendEmail-BUrl-CUrl-,BUBSBUCU
BSendEmail-BUrl-CUrl-CNologon-,BSBUCUCN
BUrl-CUrl-CNologon-Blogon-,BUCUCNBl
CUrl-CNologon-Blogon-BUrl-,CUCNBlBU
CNologon-Blogon-BUrl-CSendEmail-,CNBlBUCS
Blogon-BUrl-CSendEmail-CUrl-,BlBUCSCU
BUrl-CSendEmail-CUrl-CNologon-,BUCSCUCN
CSendEmail-CUrl-CNologon-Blogon-,CSCUCNBl
CUrl-CNologon-Blogon-BUrl-,CUCNBlBU
CNologon-Blogon-BUrl-BSendEmail-,CNBlBUBS
Blogon-BUrl-BSendEmail-BUrl-,BlBUBSBU
BUrl-BSendEmail-BUrl-CUrl-,BUBSBUCU
BSendEmail-BUrl-CUrl-CNologon-,BSBUCUCN
BUrl-CUrl-CNologon-Blogon-,BUCUCNBl
CUrl-CNologon-Blogon-BUrl-,CUCNBlBU
CNologon-Blogon-BUrl-CUrl-,CNBlBUCU
Blogon-BUrl-CUrl-CSendEmail-,BlBUCUCS
BUrl-CUrl-CSendEmail-CUrl-,BUCUCSCU
CUrl-CSendEmail-CUrl-CNologon-,CUCSCUCN
CSendEmail-CUrl-CNologon-Blogon-,CSCUCNBl
CUrl-CNologon-Blogon-BUrl-,CUCNBlBU
CNologon-Blogon-BUrl-CSendEmail-,CNBlBUCS
Blogon-BUrl-CSendEmail-CUrl-,BlBUCSCU
BUrl-CSendEmail-CUrl-CNologon-,BUCSCUCN
CSendEmail-CUrl-CNologon-Blogon-,CSCUCNBl
CUrl-CNologon-Blogon-BUrl-,CUCNBlBU
CNologon-Blogon-BUrl-CUrl-,CNBlBUCU
Blogon-BUrl-CUrl-CSendEmail-,BlBUCUCS
BUrl-CUrl-CSendEmail-CUrl-,BUCUCSCU
CUrl-CSendEmail-CUrl-CNologon-,CUCSCUCN
CSendEmail-CUrl-CNologon-Blogon-,CSCUCNBl
CUrl-CNologon-Blogon-BUrl-,CUCNBlBU
CNologon-Blogon-BUrl-CUrl-,CNBlBUCU
Blogon-BUrl-CUrl-CSendEmail-,BlBUCUCS
BUrl-CUrl-CSendEmail-CNologon-,BUCUCSCN
CUrl-CSendEmail-CNologon-Blogon-,CUCSCNBl
CSendEmail-CNologon-Blogon-BUrl-,CSCNBlBU
CNologon-Blogon-BUrl-CUrl-,CNBlBUCU
Blogon-BUrl-CUrl-CSendEmail-,BlBUCUCS
BUrl-CUrl-CSendEmail-CUrl-,BUCUCSCU
CUrl-CSendEmail-CUrl-CNologon-,CUCSCUCN
CSendEmail-CUrl-CNologon-Blogon-,CSCUCNBl
CUrl-CNologon-Blogon-BUrl-,CUCNBlBU
CNologon-Blogon-BUrl-BSendEmail-,CNBlBUBS
Blogon-BUrl-BSendEmail-BUrl-,BlBUBSBU
BUrl-BSendEmail-BUrl-CUrl-,BUBSBUCU
BSendEmail-BUrl-CUrl-CNologon-,BSBUCUCN
BUrl-CUrl-CNologon-Blogon-,BUCUCNBl
CUrl-CNologon-Blogon-BUrl-,CUCNBlBU
CNologon-Blogon-BUrl-BSendEmail-,CNBlBUBS
Blogon-BUrl-BSendEmail-BUrl-,BlBUBSBU
BUrl-BSendEmail-BUrl-CUrl-,BUBSBUCU
BSendEmail-BUrl-CUrl-CNologon-,BSBUCUCN
BUrl-CUrl-CNologon-Blogon-,BUCUCNBl
CUrl-CNologon-Blogon-BUrl-,CUCNBlBU
CNologon-Blogon-BUrl-BSendEmail-,CNBlBUBS
Blogon-BUrl-BSendEmail-BUrl-,BlBUBSBU
BUrl-BSendEmail-BUrl-CUrl-,BUBSBUCU
BSendEmail-BUrl-CUrl-CNologon-,BSBUCUCN
BUrl-CUrl-CNologon-Blogon-,BUCUCNBl
CUrl-CNologon-Blogon-BUrl-,CUCNBlBU
CNologon-Blogon-BUrl-Blogon-,CNBlBUBl
Blogon-BUrl-Blogon-BNologon-,BlBUBlBN
BUrl-Blogon-BNologon-BUrl-,BUBlBNBU
Blogon-BNologon-BUrl-BSendEmail-,BlBNBUBS
BNologon-BUrl-BSendEmail-CNologon-,BNBUBSCN
BUrl-BSendEmail-CNologon-Blogon-,BUBSCNBl
BSendEmail-CNologon-Blogon-BUrl-,BSCNBlBU
CNologon-Blogon-BUrl-BSendEmail-,CNBlBUBS
Blogon-BUrl-BSendEmail-BUrl-,BlBUBSBU
BUrl-BSendEmail-BUrl-CUrl-,BUBSBUCU
BSendEmail-BUrl-CUrl-CNologon-,BSBUCUCN
BUrl-CUrl-CNologon-Blogon-,BUCUCNBl
CUrl-CNologon-Blogon-BUrl-,CUCNBlBU
CNologon-Blogon-BUrl-CSendEmail-,CNBlBUCS
Blogon-BUrl-CSendEmail-CUrl-,BlBUCSCU
BUrl-CSendEmail-CUrl-Clogon-,BUCSCUCl
CSendEmail-CUrl-Clogon-CNologon-,CSCUClCN
CUrl-Clogon-CNologon-CUrl-,CUClCNCU
Clogon-CNologon-CUrl-CNologon-,ClCNCUCN
CNologon-CUrl-CNologon-Blogon-,CNCUCNBl
CUrl-CNologon-Blogon-BUrl-,CUCNBlBU
CNologon-Blogon-BUrl-CUrl-,CNBlBUCU
Blogon-BUrl-CUrl-CSendEmail-,BlBUCUCS
BUrl-CUrl-CSendEmail-CUrl-,BUCUCSCU
CUrl-CSendEmail-CUrl-CNologon-,CUCSCUCN
CSendEmail-CUrl-CNologon-Blogon-,CSCUCNBl
CUrl-CNologon-Blogon-BUrl-,CUCNBlBU
CNologon-Blogon-BUrl-BSendEmail-,CNBlBUBS
Blogon-BUrl-BSendEmail-BUrl-,BlBUBSBU
BUrl-BSendEmail-BUrl-CUrl-,BUBSBUCU
BSendEmail-BUrl-CUrl-CNologon-,BSBUCUCN
BUrl-CUrl-CNologon-Blogon-,BUCUCNBl
CUrl-CNologon-Blogon-BUrl-,CUCNBlBU
CNologon-Blogon-BUrl-CUrl-,CNBlBUCU
Blogon-BUrl-CUrl-CSendEmail-,BlBUCUCS
BUrl-CUrl-CSendEmail-CUrl-,BUCUCSCU
CUrl-CSendEmail-CUrl-CNologon-,CUCSCUCN
CSendEmail-CUrl-CNologon-Blogon-,CSCUCNBl
CUrl-CNologon-Blogon-Blogon-,CUCNBlBl
CNologon-Blogon-Blogon-BUrl-,CNBlBlBU
Blogon-Blogon-BUrl-BNologon-,BlBlBUBN
Blogon-BUrl-BNologon-BUrl-,BlBUBNBU
BUrl-BNologon-BUrl-CSendEmail-,BUBNBUCS
BNologon-BUrl-CSendEmail-CUrl-,BNBUCSCU
BUrl-CSendEmail-CUrl-CNologon-,BUCSCUCN
CSendEmail-CUrl-CNologon-Blogon-,CSCUCNBl
CUrl-CNologon-Blogon-BUrl-,CUCNBlBU
CNologon-Blogon-BUrl-CUrl-,CNBlBUCU
Blogon-BUrl-CUrl-CSendEmail-,BlBUCUCS
BUrl-CUrl-CSendEmail-CNologon-,BUCUCSCN
CUrl-CSendEmail-CNologon-Blogon-,CUCSCNBl
CSendEmail-CNologon-Blogon-BUrl-,CSCNBlBU
CNologon-Blogon-BUrl-CUrl-,CNBlBUCU
Blogon-BUrl-CUrl-CNologon-,BlBUCUCN
BUrl-CUrl-CNologon-Blogon-,BUCUCNBl
CUrl-CNologon-Blogon-BUrl-,CUCNBlBU
CNologon-Blogon-BUrl-CSendEmail-,CNBlBUCS
Blogon-BUrl-CSendEmail-CUrl-,BlBUCSCU
BUrl-CSendEmail-CUrl-CNologon-,BUCSCUCN
CSendEmail-CUrl-CNologon-Blogon-,CSCUCNBl
CUrl-CNologon-Blogon-BUrl-,CUCNBlBU
CNologon-Blogon-BUrl-BSendEmail-,CNBlBUBS
Blogon-BUrl-BSendEmail-CUrl-,BlBUBSCU
BUrl-BSendEmail-CUrl-Clogon-,BUBSCUCl
BSendEmail-CUrl-Clogon-CNologon-,BSCUClCN
CUrl-Clogon-CNologon-CUrl-,CUClCNCU
Clogon-CNologon-CUrl-CNologon-,ClCNCUCN
CNologon-CUrl-CNologon-Blogon-,CNCUCNBl
CUrl-CNologon-Blogon-BUrl-,CUCNBlBU
CNologon-Blogon-BUrl-CUrl-,CNBlBUCU
Blogon-BUrl-CUrl-CSendEmail-,BlBUCUCS
BUrl-CUrl-CSendEmail-CUrl-,BUCUCSCU
CUrl-CSendEmail-CUrl-CNologon-,CUCSCUCN
CSendEmail-CUrl-CNologon-Blogon-,CSCUCNBl
CUrl-CNologon-Blogon-BUrl-,CUCNBlBU
CNologon-Blogon-BUrl-BSendEmail-,CNBlBUBS
Blogon-BUrl-BSendEmail-BUrl-,BlBUBSBU
BUrl-BSendEmail-BUrl-CUrl-,BUBSBUCU
BSendEmail-BUrl-CUrl-CNologon-,BSBUCUCN
BUrl-CUrl-CNologon-Blogon-,BUCUCNBl
CUrl-CNologon-Blogon-Blogon-,CUCNBlBl
CNologon-Blogon-Blogon-BNologon-,CNBlBlBN
Blogon-Blogon-BNologon-BUrl-,BlBlBNBU
Blogon-BNologon-BUrl-CUrl-,BlBNBUCU
BNologon-BUrl-CUrl-CSendEmail-,BNBUCUCS
BUrl-CUrl-CSendEmail-CUrl-,BUCUCSCU
CUrl-CSendEmail-CUrl-CNologon-,CUCSCUCN
CSendEmail-CUrl-CNologon-Blogon-,CSCUCNBl
CUrl-CNologon-Blogon-BUrl-,CUCNBlBU
CNologon-Blogon-BUrl-CUrl-,CNBlBUCU
Blogon-BUrl-CUrl-CSendEmail-,BlBUCUCS
BUrl-CUrl-CSendEmail-CUrl-,BUCUCSCU
CUrl-CSendEmail-CUrl-CNologon-,CUCSCUCN
CSendEmail-CUrl-CNologon-Blogon-,CSCUCNBl
CUrl-CNologon-Blogon-BSendEmail-,CUCNBlBS
CNologon-Blogon-BSendEmail-BUrl-,CNBlBSBU
Blogon-BSendEmail-BUrl-CUrl-,BlBSBUCU
BSendEmail-BUrl-CUrl-CNologon-,BSBUCUCN
BUrl-CUrl-CNologon-Blogon-,BUCUCNBl
CUrl-CNologon-Blogon-BUrl-,CUCNBlBU
CNologon-Blogon-BUrl-CUrl-,CNBlBUCU
Blogon-BUrl-CUrl-CSendEmail-,BlBUCUCS
BUrl-CUrl-CSendEmail-CUrl-,BUCUCSCU
CUrl-CSendEmail-CUrl-CNologon-,CUCSCUCN
CSendEmail-CUrl-CNologon-Blogon-,CSCUCNBl
CUrl-CNologon-Blogon-BUrl-,CUCNBlBU
CNologon-Blogon-BUrl-BSendEmail-,CNBlBUBS
Blogon-BUrl-BSendEmail-BUrl-,BlBUBSBU
BUrl-BSendEmail-BUrl-CUrl-,BUBSBUCU
BSendEmail-BUrl-CUrl-Clogon-,BSBUCUCl
BUrl-CUrl-Clogon-CNologon-,BUCUClCN
CUrl-Clogon-CNologon-CUrl-,CUClCNCU
Clogon-CNologon-CUrl-CNologon-,ClCNCUCN
CNologon-CUrl-CNologon-Blogon-,CNCUCNBl
CUrl-CNologon-Blogon-BUrl-,CUCNBlBU
CNologon-Blogon-BUrl-BSendEmail-,CNBlBUBS
Blogon-BUrl-BSendEmail-BUrl-,BlBUBSBU
BUrl-BSendEmail-BUrl-CUrl-,BUBSBUCU
BSendEmail-BUrl-CUrl-CNologon-,BSBUCUCN
BUrl-CUrl-CNologon-Blogon-,BUCUCNBl
CUrl-CNologon-Blogon-Blogon-,CUCNBlBl
CNologon-Blogon-Blogon-BUrl-,CNBlBlBU
Blogon-Blogon-BUrl-BNologon-,BlBlBUBN
Blogon-BUrl-BNologon-BSendEmail-,BlBUBNBS
BUrl-BNologon-BSendEmail-BUrl-,BUBNBSBU
BNologon-BSendEmail-BUrl-CUrl-,BNBSBUCU
BSendEmail-BUrl-CUrl-CNologon-,BSBUCUCN
BUrl-CUrl-CNologon-Blogon-,BUCUCNBl
CUrl-CNologon-Blogon-BUrl-,CUCNBlBU
CNologon-Blogon-BUrl-CUrl-,CNBlBUCU
Blogon-BUrl-CUrl-Clogon-,BlBUCUCl
BUrl-CUrl-Clogon-CNologon-,BUCUClCN
CUrl-Clogon-CNologon-CSendEmail-,CUClCNCS
Clogon-CNologon-CSendEmail-CNologon-,ClCNCSCN
CNologon-CSendEmail-CNologon-Blogon-,CNCSCNBl
CSendEmail-CNologon-Blogon-BUrl-,CSCNBlBU
CNologon-Blogon-BUrl-CUrl-,CNBlBUCU
Blogon-BUrl-CUrl-CSendEmail-,BlBUCUCS
BUrl-CUrl-CSendEmail-CUrl-,BUCUCSCU
CUrl-CSendEmail-CUrl-CNologon-,CUCSCUCN
CSendEmail-CUrl-CNologon-Blogon-,CSCUCNBl
CUrl-CNologon-Blogon-BUrl-,CUCNBlBU
CNologon-Blogon-BUrl-BSendEmail-,CNBlBUBS
Blogon-BUrl-BSendEmail-CNologon-,BlBUBSCN
BUrl-BSendEmail-CNologon-Blogon-,BUBSCNBl
BSendEmail-CNologon-Blogon-BUrl-,BSCNBlBU
CNologon-Blogon-BUrl-CUrl-,CNBlBUCU
Blogon-BUrl-CUrl-CSendEmail-,BlBUCUCS
BUrl-CUrl-CSendEmail-Clogon-,BUCUCSCl
CUrl-CSendEmail-Clogon-CUrl-,CUCSClCU
CSendEmail-Clogon-CUrl-CNologon-,CSClCUCN
Clogon-CUrl-CNologon-CUrl-,ClCUCNCU
CUrl-CNologon-CUrl-CNologon-,CUCNCUCN
CNologon-CUrl-CNologon-Blogon-,CNCUCNBl
CUrl-CNologon-Blogon-BUrl-,CUCNBlBU
CNologon-Blogon-BUrl-CSendEmail-,CNBlBUCS
Blogon-BUrl-CSendEmail-CUrl-,BlBUCSCU
BUrl-CSendEmail-CUrl-Clogon-,BUCSCUCl
CSendEmail-CUrl-Clogon-CNologon-,CSCUClCN
CUrl-Clogon-CNologon-CUrl-,CUClCNCU
Clogon-CNologon-CUrl-CNologon-,ClCNCUCN
CNologon-CUrl-CNologon-Blogon-,CNCUCNBl
CUrl-CNologon-Blogon-BUrl-,CUCNBlBU
CNologon-Blogon-BUrl-Blogon-,CNBlBUBl
Blogon-BUrl-Blogon-BUrl-,BlBUBlBU
BUrl-Blogon-BUrl-BNologon-,BUBlBUBN
Blogon-BUrl-BNologon-BSendEmail-,BlBUBNBS
BUrl-BNologon-BSendEmail-CUrl-,BUBNBSCU
BNologon-BSendEmail-CUrl-CNologon-,BNBSCUCN
BSendEmail-CUrl-CNologon-Blogon-,BSCUCNBl
CUrl-CNologon-Blogon-BUrl-,CUCNBlBU
CNologon-Blogon-BUrl-BSendEmail-,CNBlBUBS
Blogon-BUrl-BSendEmail-BUrl-,BlBUBSBU
BUrl-BSendEmail-BUrl-CUrl-,BUBSBUCU
BSendEmail-BUrl-CUrl-Clogon-,BSBUCUCl
BUrl-CUrl-Clogon-CNologon-,BUCUClCN
CUrl-Clogon-CNologon-CUrl-,CUClCNCU
Clogon-CNologon-CUrl-CNologon-,ClCNCUCN
CNologon-CUrl-CNologon-Blogon-,CNCUCNBl
CUrl-CNologon-Blogon-BUrl-,CUCNBlBU
CNologon-Blogon-BUrl-Clogon-,CNBlBUCl
Blogon-BUrl-Clogon-CNologon-,BlBUClCN
BUrl-Clogon-CNologon-CSendEmail-,BUClCNCS
Clogon-CNologon-CSendEmail-CUrl-,ClCNCSCU
CNologon-CSendEmail-CUrl-CNologon-,CNCSCUCN
CSendEmail-CUrl-CNologon-Blogon-,CSCUCNBl
CUrl-CNologon-Blogon-BUrl-,CUCNBlBU
CNologon-Blogon-BUrl-CUrl-,CNBlBUCU
Blogon-BUrl-CUrl-CSendEmail-,BlBUCUCS
BUrl-CUrl-CSendEmail-CUrl-,BUCUCSCU
CUrl-CSendEmail-CUrl-CNologon-,CUCSCUCN
CSendEmail-CUrl-CNologon-Blogon-,CSCUCNBl
CUrl-CNologon-Blogon-BUrl-,CUCNBlBU
CNologon-Blogon-BUrl-BSendEmail-,CNBlBUBS
Blogon-BUrl-BSendEmail-BUrl-,BlBUBSBU
BUrl-BSendEmail-BUrl-CUrl-,BUBSBUCU
BSendEmail-BUrl-CUrl-CNologon-,BSBUCUCN
BUrl-CUrl-CNologon-Blogon-,BUCUCNBl
CUrl-CNologon-Blogon-BUrl-,CUCNBlBU
CNologon-Blogon-BUrl-CUrl-,CNBlBUCU
Blogon-BUrl-CUrl-CSendEmail-,BlBUCUCS
BUrl-CUrl-CSendEmail-CUrl-,BUCUCSCU
CUrl-CSendEmail-CUrl-CNologon-,CUCSCUCN
CSendEmail-CUrl-CNologon-Blogon-,CSCUCNBl
CUrl-CNologon-Blogon-BUrl-,CUCNBlBU
CNologon-Blogon-BUrl-BSendEmail-,CNBlBUBS
Blogon-BUrl-BSendEmail-CUrl-,BlBUBSCU
BUrl-BSendEmail-CUrl-CNologon-,BUBSCUCN
BSendEmail-CUrl-CNologon-Blogon-,BSCUCNBl
CUrl-CNologon-Blogon-BUrl-,CUCNBlBU
CNologon-Blogon-BUrl-BSendEmail-,CNBlBUBS
Blogon-BUrl-BSendEmail-BUrl-,BlBUBSBU
BUrl-BSendEmail-BUrl-CUrl-,BUBSBUCU
BSendEmail-BUrl-CUrl-CNologon-,BSBUCUCN
BUrl-CUrl-CNologon-Blogon-,BUCUCNBl
CUrl-CNologon-Blogon-BUrl-,CUCNBlBU
CNologon-Blogon-BUrl-BSendEmail-,CNBlBUBS
Blogon-BUrl-BSendEmail-CUrl-,BlBUBSCU
BUrl-BSendEmail-CUrl-CNologon-,BUBSCUCN
BSendEmail-CUrl-CNologon-Blogon-,BSCUCNBl
CUrl-CNologon-Blogon-BUrl-,CUCNBlBU
CNologon-Blogon-BUrl-BSendEmail-,CNBlBUBS
Blogon-BUrl-BSendEmail-BUrl-,BlBUBSBU
BUrl-BSendEmail-BUrl-CUrl-,BUBSBUCU
BSendEmail-BUrl-CUrl-Clogon-,BSBUCUCl
BUrl-CUrl-Clogon-CUrl-,BUCUClCU
CUrl-Clogon-CUrl-CNologon-,CUClCUCN
Clogon-CUrl-CNologon-CNologon-,ClCUCNCN
CUrl-CNologon-CNologon-Blogon-,CUCNCNBl
CNologon-CNologon-Blogon-BUrl-,CNCNBlBU
CNologon-Blogon-BUrl-BSendEmail-,CNBlBUBS
Blogon-BUrl-BSendEmail-BUrl-,BlBUBSBU
BUrl-BSendEmail-BUrl-Clogon-,BUBSBUCl
BSendEmail-BUrl-Clogon-CNologon-,BSBUClCN
BUrl-Clogon-CNologon-CUrl-,BUClCNCU
Clogon-CNologon-CUrl-CNologon-,ClCNCUCN
CNologon-CUrl-CNologon-Blogon-,CNCUCNBl
CUrl-CNologon-Blogon-BUrl-,CUCNBlBU
CNologon-Blogon-BUrl-CUrl-,CNBlBUCU
Blogon-BUrl-CUrl-CSendEmail-,BlBUCUCS
BUrl-CUrl-CSendEmail-CUrl-,BUCUCSCU
CUrl-CSendEmail-CUrl-Clogon-,CUCSCUCl
CSendEmail-CUrl-Clogon-CNologon-,CSCUClCN
CUrl-Clogon-CNologon-CNologon-,CUClCNCN
Clogon-CNologon-CNologon-Blogon-,ClCNCNBl
CNologon-CNologon-Blogon-BUrl-,CNCNBlBU
CNologon-Blogon-BUrl-BSendEmail-,CNBlBUBS
Blogon-BUrl-BSendEmail-BUrl-,BlBUBSBU
BUrl-BSendEmail-BUrl-CUrl-,BUBSBUCU
BSendEmail-BUrl-CUrl-CNologon-,BSBUCUCN
BUrl-CUrl-CNologon-Blogon-,BUCUCNBl
CUrl-CNologon-Blogon-BUrl-,CUCNBlBU
CNologon-Blogon-BUrl-CUrl-,CNBlBUCU
Blogon-BUrl-CUrl-CSendEmail-,BlBUCUCS
BUrl-CUrl-CSendEmail-CUrl-,BUCUCSCU
CUrl-CSendEmail-CUrl-CNologon-,CUCSCUCN
CSendEmail-CUrl-CNologon-Blogon-,CSCUCNBl
CUrl-CNologon-Blogon-BUrl-,CUCNBlBU
CNologon-Blogon-BUrl-Blogon-,CNBlBUBl
Blogon-BUrl-Blogon-BNologon-,BlBUBlBN
BUrl-Blogon-BNologon-BUrl-,BUBlBNBU
Blogon-BNologon-BUrl-CSendEmail-,BlBNBUCS
BNologon-BUrl-CSendEmail-CUrl-,BNBUCSCU
BUrl-CSendEmail-CUrl-CNologon-,BUCSCUCN
CSendEmail-CUrl-CNologon-Blogon-,CSCUCNBl
CUrl-CNologon-Blogon-BUrl-,CUCNBlBU
CNologon-Blogon-BUrl-CSendEmail-,CNBlBUCS
Blogon-BUrl-CSendEmail-CUrl-,BlBUCSCU
BUrl-CSendEmail-CUrl-CNologon-,BUCSCUCN
CSendEmail-CUrl-CNologon-Blogon-,CSCUCNBl
CUrl-CNologon-Blogon-BUrl-,CUCNBlBU
CNologon-Blogon-BUrl-BSendEmail-,CNBlBUBS
Blogon-BUrl-BSendEmail-BUrl-,BlBUBSBU
BUrl-BSendEmail-BUrl-CUrl-,BUBSBUCU
BSendEmail-BUrl-CUrl-CNologon-,BSBUCUCN
BUrl-CUrl-CNologon-Blogon-,BUCUCNBl
CUrl-CNologon-Blogon-BUrl-,CUCNBlBU
CNologon-Blogon-BUrl-BSendEmail-,CNBlBUBS
Blogon-BUrl-BSendEmail-CUrl-,BlBUBSCU
BUrl-BSendEmail-CUrl-CNologon-,BUBSCUCN
BSendEmail-CUrl-CNologon-Blogon-,BSCUCNBl
CUrl-CNologon-Blogon-BUrl-,CUCNBlBU
CNologon-Blogon-BUrl-Blogon-,CNBlBUBl
Blogon-BUrl-Blogon-BUrl-,BlBUBlBU
BUrl-Blogon-BUrl-BNologon-,BUBlBUBN
Blogon-BUrl-BNologon-BUrl-,BlBUBNBU
BUrl-BNologon-BUrl-BSendEmail-,BUBNBUBS
BNologon-BUrl-BSendEmail-CUrl-,BNBUBSCU
BUrl-BSendEmail-CUrl-CNologon-,BUBSCUCN
BSendEmail-CUrl-CNologon-Blogon-,BSCUCNBl
CUrl-CNologon-Blogon-BUrl-,CUCNBlBU
CNologon-Blogon-BUrl-BSendEmail-,CNBlBUBS
Blogon-BUrl-BSendEmail-BUrl-,BlBUBSBU
BUrl-BSendEmail-BUrl-CUrl-,BUBSBUCU
BSendEmail-BUrl-CUrl-Clogon-,BSBUCUCl
BUrl-CUrl-Clogon-CNologon-,BUCUClCN
CUrl-Clogon-CNologon-CUrl-,CUClCNCU
Clogon-CNologon-CUrl-CNologon-,ClCNCUCN
CNologon-CUrl-CNologon-Blogon-,CNCUCNBl
CUrl-CNologon-Blogon-BUrl-,CUCNBlBU
CNologon-Blogon-BUrl-CSendEmail-,CNBlBUCS
Blogon-BUrl-CSendEmail-CUrl-,BlBUCSCU
BUrl-CSendEmail-CUrl-CNologon-,BUCSCUCN
CSendEmail-CUrl-CNologon-Blogon-,CSCUCNBl
CUrl-CNologon-Blogon-BUrl-,CUCNBlBU
CNologon-Blogon-BUrl-CUrl-,CNBlBUCU
Blogon-BUrl-CUrl-CSendEmail-,BlBUCUCS
BUrl-CUrl-CSendEmail-CUrl-,BUCUCSCU
CUrl-CSendEmail-CUrl-CNologon-,CUCSCUCN
CSendEmail-CUrl-CNologon-Blogon-,CSCUCNBl
CUrl-CNologon-Blogon-BUrl-,CUCNBlBU
CNologon-Blogon-BUrl-BSendEmail-,CNBlBUBS
Blogon-BUrl-BSendEmail-BUrl-,BlBUBSBU
BUrl-BSendEmail-BUrl-CUrl-,BUBSBUCU
BSendEmail-BUrl-CUrl-CNologon-,BSBUCUCN
BUrl-CUrl-CNologon-Blogon-,BUCUCNBl
CUrl-CNologon-Blogon-BUrl-,CUCNBlBU
CNologon-Blogon-BUrl-CUrl-,CNBlBUCU
Blogon-BUrl-CUrl-CSendEmail-,BlBUCUCS
BUrl-CUrl-CSendEmail-CUrl-,BUCUCSCU
CUrl-CSendEmail-CUrl-CNologon-,CUCSCUCN
CSendEmail-CUrl-CNologon-Blogon-,CSCUCNBl
CUrl-CNologon-Blogon-BUrl-,CUCNBlBU
CNologon-Blogon-BUrl-CUrl-,CNBlBUCU
Blogon-BUrl-CUrl-CSendEmail-,BlBUCUCS
BUrl-CUrl-CSendEmail-CUrl-,BUCUCSCU
CUrl-CSendEmail-CUrl-CNologon-,CUCSCUCN
CSendEmail-CUrl-CNologon-Blogon-,CSCUCNBl
CUrl-CNologon-Blogon-BUrl-,CUCNBlBU
CNologon-Blogon-BUrl-BSendEmail-,CNBlBUBS
Blogon-BUrl-BSendEmail-BUrl-,BlBUBSBU
BUrl-BSendEmail-BUrl-Blogon-,BUBSBUBl
BSendEmail-BUrl-Blogon-CNologon-,BSBUBlCN
BUrl-Blogon-CNologon-CUrl-,BUBlCNCU
Blogon-CNologon-CUrl-CNologon-,BlCNCUCN
CNologon-CUrl-CNologon-Blogon-,CNCUCNBl
CUrl-CNologon-Blogon-BUrl-,CUCNBlBU
CNologon-Blogon-BUrl-CSendEmail-,CNBlBUCS
Blogon-BUrl-CSendEmail-CUrl-,BlBUCSCU
BUrl-CSendEmail-CUrl-CNologon-,BUCSCUCN
CSendEmail-CUrl-CNologon-Blogon-,CSCUCNBl
CUrl-CNologon-Blogon-BUrl-,CUCNBlBU
CNologon-Blogon-BUrl-CUrl-,CNBlBUCU
Blogon-BUrl-CUrl-CSendEmail-,BlBUCUCS
BUrl-CUrl-CSendEmail-CUrl-,BUCUCSCU
CUrl-CSendEmail-CUrl-CNologon-,CUCSCUCN
CSendEmail-CUrl-CNologon-Blogon-,CSCUCNBl
CUrl-CNologon-Blogon-BUrl-,CUCNBlBU
CNologon-Blogon-BUrl-BSendEmail-,CNBlBUBS
Blogon-BUrl-BSendEmail-BUrl-,BlBUBSBU
BUrl-BSendEmail-BUrl-CUrl-,BUBSBUCU
BSendEmail-BUrl-CUrl-Clogon-,BSBUCUCl
BUrl-CUrl-Clogon-CUrl-,BUCUClCU
CUrl-Clogon-CUrl-CNologon-,CUClCUCN
Clogon-CUrl-CNologon-CUrl-,ClCUCNCU
CUrl-CNologon-CUrl-CNologon-,CUCNCUCN
CNologon-CUrl-CNologon-Blogon-,CNCUCNBl
CUrl-CNologon-Blogon-BUrl-,CUCNBlBU
CNologon-Blogon-BUrl-CUrl-,CNBlBUCU
Blogon-BUrl-CUrl-CSendEmail-,BlBUCUCS
BUrl-CUrl-CSendEmail-CNologon-,BUCUCSCN
CUrl-CSendEmail-CNologon-Blogon-,CUCSCNBl
CSendEmail-CNologon-Blogon-BUrl-,CSCNBlBU
CNologon-Blogon-BUrl-CSendEmail-,CNBlBUCS
Blogon-BUrl-CSendEmail-CUrl-,BlBUCSCU
BUrl-CSendEmail-CUrl-CNologon-,BUCSCUCN
CSendEmail-CUrl-CNologon-Blogon-,CSCUCNBl
CUrl-CNologon-Blogon-BSendEmail-,CUCNBlBS
CNologon-Blogon-BSendEmail-BUrl-,CNBlBSBU
Blogon-BSendEmail-BUrl-CUrl-,BlBSBUCU
BSendEmail-BUrl-CUrl-CNologon-,BSBUCUCN
BUrl-CUrl-CNologon-Blogon-,BUCUCNBl
CUrl-CNologon-Blogon-BUrl-,CUCNBlBU
CNologon-Blogon-BUrl-BSendEmail-,CNBlBUBS
Blogon-BUrl-BSendEmail-BUrl-,BlBUBSBU
BUrl-BSendEmail-BUrl-CUrl-,BUBSBUCU
BSendEmail-BUrl-CUrl-CNologon-,BSBUCUCN
BUrl-CUrl-CNologon-Blogon-,BUCUCNBl
CUrl-CNologon-Blogon-BUrl-,CUCNBlBU
CNologon-Blogon-BUrl-BSendEmail-,CNBlBUBS
Blogon-BUrl-BSendEmail-BUrl-,BlBUBSBU
BUrl-BSendEmail-BUrl-CUrl-,BUBSBUCU
BSendEmail-BUrl-CUrl-Clogon-,BSBUCUCl
BUrl-CUrl-Clogon-CNologon-,BUCUClCN
CUrl-Clogon-CNologon-CNologon-,CUClCNCN
Clogon-CNologon-CNologon-Blogon-,ClCNCNBl
CNologon-CNologon-Blogon-BUrl-,CNCNBlBU
CNologon-Blogon-BUrl-CUrl-,CNBlBUCU
Blogon-BUrl-CUrl-CSendEmail-,BlBUCUCS
BUrl-CUrl-CSendEmail-CUrl-,BUCUCSCU
CUrl-CSendEmail-CUrl-CNologon-,CUCSCUCN
CSendEmail-CUrl-CNologon-Blogon-,CSCUCNBl
CUrl-CNologon-Blogon-BUrl-,CUCNBlBU
CNologon-Blogon-BUrl-BSendEmail-,CNBlBUBS
Blogon-BUrl-BSendEmail-BUrl-,BlBUBSBU
BUrl-BSendEmail-BUrl-CUrl-,BUBSBUCU
BSendEmail-BUrl-CUrl-CNologon-,BSBUCUCN
BUrl-CUrl-CNologon-Blogon-,BUCUCNBl
CUrl-CNologon-Blogon-BUrl-,CUCNBlBU
CNologon-Blogon-BUrl-BSendEmail-,CNBlBUBS
Blogon-BUrl-BSendEmail-BUrl-,BlBUBSBU
BUrl-BSendEmail-BUrl-CUrl-,BUBSBUCU
BSendEmail-BUrl-CUrl-CNologon-,BSBUCUCN
BUrl-CUrl-CNologon-Blogon-,BUCUCNBl
CUrl-CNologon-Blogon-BUrl-,CUCNBlBU
CNologon-Blogon-BUrl-BSendEmail-,CNBlBUBS
Blogon-BUrl-BSendEmail-BUrl-,BlBUBSBU
BUrl-BSendEmail-BUrl-CUrl-,BUBSBUCU
BSendEmail-BUrl-CUrl-CNologon-,BSBUCUCN
BUrl-CUrl-CNologon-Blogon-,BUCUCNBl
CUrl-CNologon-Blogon-BUrl-,CUCNBlBU
CNologon-Blogon-BUrl-BSendEmail-,CNBlBUBS
Blogon-BUrl-BSendEmail-BUrl-,BlBUBSBU
BUrl-BSendEmail-BUrl-CUrl-,BUBSBUCU
BSendEmail-BUrl-CUrl-CNologon-,BSBUCUCN
BUrl-CUrl-CNologon-Blogon-,BUCUCNBl
CUrl-CNologon-Blogon-BUrl-,CUCNBlBU
CNologon-Blogon-BUrl-CUrl-,CNBlBUCU
Blogon-BUrl-CUrl-CSendEmail-,BlBUCUCS
BUrl-CUrl-CSendEmail-CUrl-,BUCUCSCU
CUrl-CSendEmail-CUrl-CNologon-,CUCSCUCN
CSendEmail-CUrl-CNologon-Blogon-,CSCUCNBl
CUrl-CNologon-Blogon-BUrl-,CUCNBlBU
CNologon-Blogon-BUrl-Blogon-,CNBlBUBl
Blogon-BUrl-Blogon-BNologon-,BlBUBlBN
BUrl-Blogon-BNologon-BSendEmail-,BUBlBNBS
Blogon-BNologon-BSendEmail-BUrl-,BlBNBSBU
BNologon-BSendEmail-BUrl-CUrl-,BNBSBUCU
BSendEmail-BUrl-CUrl-CNologon-,BSBUCUCN
BUrl-CUrl-CNologon-Blogon-,BUCUCNBl
CUrl-CNologon-Blogon-BUrl-,CUCNBlBU
CNologon-Blogon-BUrl-BSendEmail-,CNBlBUBS
Blogon-BUrl-BSendEmail-BUrl-,BlBUBSBU
BUrl-BSendEmail-BUrl-CUrl-,BUBSBUCU
BSendEmail-BUrl-CUrl-CNologon-,BSBUCUCN
BUrl-CUrl-CNologon-Blogon-,BUCUCNBl
CUrl-CNologon-Blogon-BUrl-,CUCNBlBU
CNologon-Blogon-BUrl-BSendEmail-,CNBlBUBS
Blogon-BUrl-BSendEmail-BUrl-,BlBUBSBU
BUrl-BSendEmail-BUrl-CUrl-,BUBSBUCU
BSendEmail-BUrl-CUrl-CNologon-,BSBUCUCN
BUrl-CUrl-CNologon-Blogon-,BUCUCNBl
CUrl-CNologon-Blogon-BUrl-,CUCNBlBU
CNologon-Blogon-BUrl-CSendEmail-,CNBlBUCS
Blogon-BUrl-CSendEmail-CUrl-,BlBUCSCU
BUrl-CSendEmail-CUrl-CNologon-,BUCSCUCN
CSendEmail-CUrl-CNologon-Blogon-,CSCUCNBl
CUrl-CNologon-Blogon-BUrl-,CUCNBlBU
CNologon-Blogon-BUrl-CUrl-,CNBlBUCU
Blogon-BUrl-CUrl-CSendEmail-,BlBUCUCS
BUrl-CUrl-CSendEmail-CUrl-,BUCUCSCU
CUrl-CSendEmail-CUrl-CNologon-,CUCSCUCN
CSendEmail-CUrl-CNologon-Blogon-,CSCUCNBl
CUrl-CNologon-Blogon-BUrl-,CUCNBlBU
CNologon-Blogon-BUrl-CUrl-,CNBlBUCU
Blogon-BUrl-CUrl-CSendEmail-,BlBUCUCS
BUrl-CUrl-CSendEmail-CUrl-,BUCUCSCU
CUrl-CSendEmail-CUrl-CNologon-,CUCSCUCN
CSendEmail-CUrl-CNologon-Blogon-,CSCUCNBl
CUrl-CNologon-Blogon-BUrl-,CUCNBlBU
CNologon-Blogon-BUrl-BSendEmail-,CNBlBUBS
Blogon-BUrl-BSendEmail-BUrl-,BlBUBSBU
BUrl-BSendEmail-BUrl-CUrl-,BUBSBUCU
BSendEmail-BUrl-CUrl-CNologon-,BSBUCUCN
BUrl-CUrl-CNologon-Blogon-,BUCUCNBl
CUrl-CNologon-Blogon-BUrl-,CUCNBlBU
CNologon-Blogon-BUrl-BSendEmail-,CNBlBUBS
Blogon-BUrl-BSendEmail-BUrl-,BlBUBSBU
BUrl-BSendEmail-BUrl-Blogon-,BUBSBUBl
BSendEmail-BUrl-Blogon-BNologon-,BSBUBlBN
BUrl-Blogon-BNologon-CUrl-,BUBlBNCU
Blogon-BNologon-CUrl-CNologon-,BlBNCUCN
BNologon-CUrl-CNologon-Blogon-,BNCUCNBl
CUrl-CNologon-Blogon-BUrl-,CUCNBlBU
CNologon-Blogon-BUrl-CUrl-,CNBlBUCU
Blogon-BUrl-CUrl-CSendEmail-,BlBUCUCS
BUrl-CUrl-CSendEmail-CUrl-,BUCUCSCU
CUrl-CSendEmail-CUrl-CNologon-,CUCSCUCN
CSendEmail-CUrl-CNologon-Blogon-,CSCUCNBl
CUrl-CNologon-Blogon-BUrl-,CUCNBlBU
CNologon-Blogon-BUrl-CSendEmail-,CNBlBUCS
Blogon-BUrl-CSendEmail-CUrl-,BlBUCSCU
BUrl-CSendEmail-CUrl-CNologon-,BUCSCUCN
CSendEmail-CUrl-CNologon-Blogon-,CSCUCNBl
CUrl-CNologon-Blogon-BUrl-,CUCNBlBU
CNologon-Blogon-BUrl-BSendEmail-,CNBlBUBS
Blogon-BUrl-BSendEmail-BUrl-,BlBUBSBU
BUrl-BSendEmail-BUrl-CUrl-,BUBSBUCU
BSendEmail-BUrl-CUrl-CNologon-,BSBUCUCN
BUrl-CUrl-CNologon-Blogon-,BUCUCNBl
CUrl-CNologon-Blogon-BUrl-,CUCNBlBU
CNologon-Blogon-BUrl-CUrl-,CNBlBUCU
Blogon-BUrl-CUrl-CSendEmail-,BlBUCUCS
BUrl-CUrl-CSendEmail-CNologon-,BUCUCSCN
CUrl-CSendEmail-CNologon-Blogon-,CUCSCNBl
CSendEmail-CNologon-Blogon-BUrl-,CSCNBlBU
CNologon-Blogon-BUrl-CUrl-,CNBlBUCU
Blogon-BUrl-CUrl-CSendEmail-,BlBUCUCS
BUrl-CUrl-CSendEmail-CUrl-,BUCUCSCU
CUrl-CSendEmail-CUrl-CNologon-,CUCSCUCN
CSendEmail-CUrl-CNologon-Blogon-,CSCUCNBl
CUrl-CNologon-Blogon-BUrl-,CUCNBlBU
CNologon-Blogon-BUrl-BSendEmail-,CNBlBUBS
Blogon-BUrl-BSendEmail-BUrl-,BlBUBSBU
BUrl-BSendEmail-BUrl-CUrl-,BUBSBUCU
BSendEmail-BUrl-CUrl-CNologon-,BSBUCUCN
BUrl-CUrl-CNologon-Blogon-,BUCUCNBl
CUrl-CNologon-Blogon-BUrl-,CUCNBlBU
CNologon-Blogon-BUrl-BSendEmail-,CNBlBUBS
Blogon-BUrl-BSendEmail-BUrl-,BlBUBSBU
BUrl-BSendEmail-BUrl-CUrl-,BUBSBUCU
BSendEmail-BUrl-CUrl-CNologon-,BSBUCUCN
BUrl-CUrl-CNologon-Blogon-,BUCUCNBl
CUrl-CNologon-Blogon-BUrl-,CUCNBlBU
CNologon-Blogon-BUrl-BSendEmail-,CNBlBUBS
Blogon-BUrl-BSendEmail-BUrl-,BlBUBSBU
BUrl-BSendEmail-BUrl-CUrl-,BUBSBUCU
BSendEmail-BUrl-CUrl-CNologon-,BSBUCUCN
BUrl-CUrl-CNologon-Blogon-,BUCUCNBl
CUrl-CNologon-Blogon-BUrl-,CUCNBlBU
CNologon-Blogon-BUrl-BSendEmail-,CNBlBUBS
Blogon-BUrl-BSendEmail-BUrl-,BlBUBSBU
BUrl-BSendEmail-BUrl-Blogon-,BUBSBUBl
BSendEmail-BUrl-Blogon-BNologon-,BSBUBlBN
BUrl-Blogon-BNologon-CUrl-,BUBlBNCU
Blogon-BNologon-CUrl-CNologon-,BlBNCUCN
BNologon-CUrl-CNologon-Blogon-,BNCUCNBl
CUrl-CNologon-Blogon-BUrl-,CUCNBlBU
CNologon-Blogon-BUrl-BSendEmail-,CNBlBUBS
Blogon-BUrl-BSendEmail-CUrl-,BlBUBSCU
BUrl-BSendEmail-CUrl-CNologon-,BUBSCUCN
BSendEmail-CUrl-CNologon-Blogon-,BSCUCNBl
CUrl-CNologon-Blogon-BSendEmail-,CUCNBlBS
CNologon-Blogon-BSendEmail-BUrl-,CNBlBSBU
Blogon-BSendEmail-BUrl-Blogon-,BlBSBUBl
BSendEmail-BUrl-Blogon-BNologon-,BSBUBlBN
BUrl-Blogon-BNologon-BUrl-,BUBlBNBU
Blogon-BNologon-BUrl-CUrl-,BlBNBUCU
BNologon-BUrl-CUrl-CNologon-,BNBUCUCN
BUrl-CUrl-CNologon-Blogon-,BUCUCNBl
CUrl-CNologon-Blogon-BUrl-,CUCNBlBU
CNologon-Blogon-BUrl-BSendEmail-,CNBlBUBS
Blogon-BUrl-BSendEmail-BUrl-,BlBUBSBU
BUrl-BSendEmail-BUrl-CUrl-,BUBSBUCU
BSendEmail-BUrl-CUrl-CNologon-,BSBUCUCN
BUrl-CUrl-CNologon-Blogon-,BUCUCNBl
CUrl-CNologon-Blogon-BUrl-,CUCNBlBU
CNologon-Blogon-BUrl-CSendEmail-,CNBlBUCS
Blogon-BUrl-CSendEmail-CUrl-,BlBUCSCU
BUrl-CSendEmail-CUrl-CNologon-,BUCSCUCN
CSendEmail-CUrl-CNologon-Blogon-,CSCUCNBl
CUrl-CNologon-Blogon-BUrl-,CUCNBlBU
CNologon-Blogon-BUrl-BSendEmail-,CNBlBUBS
Blogon-BUrl-BSendEmail-BUrl-,BlBUBSBU
BUrl-BSendEmail-BUrl-CUrl-,BUBSBUCU
BSendEmail-BUrl-CUrl-CNologon-,BSBUCUCN
BUrl-CUrl-CNologon-Blogon-,BUCUCNBl
CUrl-CNologon-Blogon-BUrl-,CUCNBlBU
CNologon-Blogon-BUrl-CSendEmail-,CNBlBUCS
Blogon-BUrl-CSendEmail-CUrl-,BlBUCSCU
BUrl-CSendEmail-CUrl-CNologon-,BUCSCUCN
CSendEmail-CUrl-CNologon-Blogon-,CSCUCNBl
CUrl-CNologon-Blogon-BSendEmail-,CUCNBlBS
CNologon-Blogon-BSendEmail-BUrl-,CNBlBSBU
Blogon-BSendEmail-BUrl-CUrl-,BlBSBUCU
BSendEmail-BUrl-CUrl-Clogon-,BSBUCUCl
BUrl-CUrl-Clogon-CUrl-,BUCUClCU
CUrl-Clogon-CUrl-CNologon-,CUClCUCN
Clogon-CUrl-CNologon-CUrl-,ClCUCNCU
CUrl-CNologon-CUrl-CNologon-,CUCNCUCN
CNologon-CUrl-CNologon-Blogon-,CNCUCNBl
CUrl-CNologon-Blogon-BSendEmail-,CUCNBlBS
CNologon-Blogon-BSendEmail-BUrl-,CNBlBSBU
Blogon-BSendEmail-BUrl-CUrl-,BlBSBUCU
BSendEmail-BUrl-CUrl-CNologon-,BSBUCUCN
BUrl-CUrl-CNologon-Blogon-,BUCUCNBl
CUrl-CNologon-Blogon-BUrl-,CUCNBlBU
CNologon-Blogon-BUrl-BSendEmail-,CNBlBUBS
Blogon-BUrl-BSendEmail-BUrl-,BlBUBSBU
BUrl-BSendEmail-BUrl-CUrl-,BUBSBUCU
BSendEmail-BUrl-CUrl-Clogon-,BSBUCUCl
BUrl-CUrl-Clogon-CNologon-,BUCUClCN
CUrl-Clogon-CNologon-CUrl-,CUClCNCU
Clogon-CNologon-CUrl-CNologon-,ClCNCUCN
CNologon-CUrl-CNologon-Blogon-,CNCUCNBl
CUrl-CNologon-Blogon-BSendEmail-,CUCNBlBS
CNologon-Blogon-BSendEmail-BUrl-,CNBlBSBU
Blogon-BSendEmail-BUrl-CUrl-,BlBSBUCU
BSendEmail-BUrl-CUrl-CNologon-,BSBUCUCN
BUrl-CUrl-CNologon-Blogon-,BUCUCNBl
CUrl-CNologon-Blogon-BUrl-,CUCNBlBU
CNologon-Blogon-BUrl-CUrl-,CNBlBUCU
Blogon-BUrl-CUrl-CSendEmail-,BlBUCUCS
BUrl-CUrl-CSendEmail-CUrl-,BUCUCSCU
CUrl-CSendEmail-CUrl-CNologon-,CUCSCUCN
CSendEmail-CUrl-CNologon-Blogon-,CSCUCNBl
CUrl-CNologon-Blogon-Blogon-,CUCNBlBl
CNologon-Blogon-Blogon-BNologon-,CNBlBlBN
Blogon-Blogon-BNologon-BUrl-,BlBlBNBU
Blogon-BNologon-BUrl-CUrl-,BlBNBUCU
BNologon-BUrl-CUrl-CSendEmail-,BNBUCUCS
BUrl-CUrl-CSendEmail-CUrl-,BUCUCSCU
CUrl-CSendEmail-CUrl-CNologon-,CUCSCUCN
CSendEmail-CUrl-CNologon-Blogon-,CSCUCNBl
CUrl-CNologon-Blogon-BUrl-,CUCNBlBU
CNologon-Blogon-BUrl-BSendEmail-,CNBlBUBS
Blogon-BUrl-BSendEmail-CUrl-,BlBUBSCU
BUrl-BSendEmail-CUrl-CNologon-,BUBSCUCN
BSendEmail-CUrl-CNologon-Blogon-,BSCUCNBl
CUrl-CNologon-Blogon-BUrl-,CUCNBlBU
CNologon-Blogon-BUrl-BSendEmail-,CNBlBUBS
Blogon-BUrl-BSendEmail-BUrl-,BlBUBSBU
BUrl-BSendEmail-BUrl-CUrl-,BUBSBUCU
BSendEmail-BUrl-CUrl-CNologon-,BSBUCUCN
BUrl-CUrl-CNologon-Blogon-,BUCUCNBl
CUrl-CNologon-Blogon-BUrl-,CUCNBlBU
CNologon-Blogon-BUrl-BSendEmail-,CNBlBUBS
Blogon-BUrl-BSendEmail-BUrl-,BlBUBSBU
BUrl-BSendEmail-BUrl-CUrl-,BUBSBUCU
BSendEmail-BUrl-CUrl-CNologon-,BSBUCUCN
BUrl-CUrl-CNologon-Blogon-,BUCUCNBl
CUrl-CNologon-Blogon-BUrl-,CUCNBlBU
CNologon-Blogon-BUrl-BSendEmail-,CNBlBUBS
Blogon-BUrl-BSendEmail-BUrl-,BlBUBSBU
BUrl-BSendEmail-BUrl-CUrl-,BUBSBUCU
BSendEmail-BUrl-CUrl-Clogon-,BSBUCUCl
BUrl-CUrl-Clogon-CNologon-,BUCUClCN
CUrl-Clogon-CNologon-CNologon-,CUClCNCN
Clogon-CNologon-CNologon-Blogon-,ClCNCNBl
CNologon-CNologon-Blogon-Blogon-,CNCNBlBl
CNologon-Blogon-Blogon-BUrl-,CNBlBlBU
Blogon-Blogon-BUrl-BNologon-,BlBlBUBN
Blogon-BUrl-BNologon-BUrl-,BlBUBNBU
BUrl-BNologon-BUrl-BSendEmail-,BUBNBUBS
BNologon-BUrl-BSendEmail-BUrl-,BNBUBSBU
BUrl-BSendEmail-BUrl-CUrl-,BUBSBUCU
BSendEmail-BUrl-CUrl-CNologon-,BSBUCUCN
BUrl-CUrl-CNologon-Blogon-,BUCUCNBl
CUrl-CNologon-Blogon-BUrl-,CUCNBlBU
CNologon-Blogon-BUrl-BSendEmail-,CNBlBUBS
Blogon-BUrl-BSendEmail-BUrl-,BlBUBSBU
BUrl-BSendEmail-BUrl-CUrl-,BUBSBUCU
BSendEmail-BUrl-CUrl-CNologon-,BSBUCUCN
BUrl-CUrl-CNologon-Blogon-,BUCUCNBl
CUrl-CNologon-Blogon-BUrl-,CUCNBlBU
CNologon-Blogon-BUrl-CSendEmail-,CNBlBUCS
Blogon-BUrl-CSendEmail-CUrl-,BlBUCSCU
BUrl-CSendEmail-CUrl-Clogon-,BUCSCUCl
CSendEmail-CUrl-Clogon-CNologon-,CSCUClCN
CUrl-Clogon-CNologon-CNologon-,CUClCNCN
Clogon-CNologon-CNologon-Blogon-,ClCNCNBl
CNologon-CNologon-Blogon-BUrl-,CNCNBlBU
CNologon-Blogon-BUrl-CUrl-,CNBlBUCU
Blogon-BUrl-CUrl-CSendEmail-,BlBUCUCS
BUrl-CUrl-CSendEmail-CUrl-,BUCUCSCU
CUrl-CSendEmail-CUrl-CNologon-,CUCSCUCN
CSendEmail-CUrl-CNologon-Blogon-,CSCUCNBl
CUrl-CNologon-Blogon-BUrl-,CUCNBlBU
CNologon-Blogon-BUrl-CSendEmail-,CNBlBUCS
Blogon-BUrl-CSendEmail-CUrl-,BlBUCSCU
BUrl-CSendEmail-CUrl-CNologon-,BUCSCUCN
CSendEmail-CUrl-CNologon-Blogon-,CSCUCNBl
CUrl-CNologon-Blogon-BUrl-,CUCNBlBU
CNologon-Blogon-BUrl-BSendEmail-,CNBlBUBS
Blogon-BUrl-BSendEmail-CUrl-,BlBUBSCU
BUrl-BSendEmail-CUrl-CNologon-,BUBSCUCN
BSendEmail-CUrl-CNologon-Blogon-,BSCUCNBl
CUrl-CNologon-Blogon-BUrl-,CUCNBlBU
CNologon-Blogon-BUrl-BSendEmail-,CNBlBUBS
Blogon-BUrl-BSendEmail-BUrl-,BlBUBSBU
BUrl-BSendEmail-BUrl-CUrl-,BUBSBUCU
BSendEmail-BUrl-CUrl-CNologon-,BSBUCUCN
BUrl-CUrl-CNologon-Blogon-,BUCUCNBl
CUrl-CNologon-Blogon-BUrl-,CUCNBlBU
CNologon-Blogon-BUrl-CUrl-,CNBlBUCU
Blogon-BUrl-CUrl-CSendEmail-,BlBUCUCS
BUrl-CUrl-CSendEmail-CUrl-,BUCUCSCU
CUrl-CSendEmail-CUrl-CNologon-,CUCSCUCN
CSendEmail-CUrl-CNologon-Blogon-,CSCUCNBl
CUrl-CNologon-Blogon-BUrl-,CUCNBlBU
CNologon-Blogon-BUrl-BSendEmail-,CNBlBUBS
Blogon-BUrl-BSendEmail-BUrl-,BlBUBSBU
BUrl-BSendEmail-BUrl-CUrl-,BUBSBUCU
BSendEmail-BUrl-CUrl-CNologon-,BSBUCUCN
BUrl-CUrl-CNologon-Blogon-,BUCUCNBl
CUrl-CNologon-Blogon-BUrl-,CUCNBlBU
CNologon-Blogon-BUrl-BSendEmail-,CNBlBUBS
Blogon-BUrl-BSendEmail-BUrl-,BlBUBSBU
BUrl-BSendEmail-BUrl-CUrl-,BUBSBUCU
BSendEmail-BUrl-CUrl-CNologon-,BSBUCUCN
BUrl-CUrl-CNologon-Blogon-,BUCUCNBl
CUrl-CNologon-Blogon-BUrl-,CUCNBlBU
CNologon-Blogon-BUrl-CSendEmail-,CNBlBUCS
Blogon-BUrl-CSendEmail-CUrl-,BlBUCSCU
BUrl-CSendEmail-CUrl-CNologon-,BUCSCUCN
CSendEmail-CUrl-CNologon-Blogon-,CSCUCNBl
CUrl-CNologon-Blogon-BUrl-,CUCNBlBU
CNologon-Blogon-BUrl-CUrl-,CNBlBUCU
Blogon-BUrl-CUrl-CSendEmail-,BlBUCUCS
BUrl-CUrl-CSendEmail-CUrl-,BUCUCSCU
CUrl-CSendEmail-CUrl-CNologon-,CUCSCUCN
CSendEmail-CUrl-CNologon-Blogon-,CSCUCNBl
CUrl-CNologon-Blogon-BUrl-,CUCNBlBU
CNologon-Blogon-BUrl-BSendEmail-,CNBlBUBS
Blogon-BUrl-BSendEmail-BUrl-,BlBUBSBU
BUrl-BSendEmail-BUrl-CUrl-,BUBSBUCU
BSendEmail-BUrl-CUrl-Clogon-,BSBUCUCl
BUrl-CUrl-Clogon-CNologon-,BUCUClCN
CUrl-Clogon-CNologon-CUrl-,CUClCNCU
Clogon-CNologon-CUrl-CNologon-,ClCNCUCN
CNologon-CUrl-CNologon-Blogon-,CNCUCNBl
CUrl-CNologon-Blogon-BUrl-,CUCNBlBU
CNologon-Blogon-BUrl-CSendEmail-,CNBlBUCS
Blogon-BUrl-CSendEmail-CUrl-,BlBUCSCU
BUrl-CSendEmail-CUrl-CNologon-,BUCSCUCN
CSendEmail-CUrl-CNologon-Blogon-,CSCUCNBl
CUrl-CNologon-Blogon-BUrl-,CUCNBlBU
CNologon-Blogon-BUrl-CSendEmail-,CNBlBUCS
Blogon-BUrl-CSendEmail-CUrl-,BlBUCSCU
BUrl-CSendEmail-CUrl-CNologon-,BUCSCUCN
CSendEmail-CUrl-CNologon-Blogon-,CSCUCNBl
CUrl-CNologon-Blogon-BUrl-,CUCNBlBU
CNologon-Blogon-BUrl-BSendEmail-,CNBlBUBS
Blogon-BUrl-BSendEmail-CUrl-,BlBUBSCU
BUrl-BSendEmail-CUrl-CNologon-,BUBSCUCN
BSendEmail-CUrl-CNologon-Blogon-,BSCUCNBl
CUrl-CNologon-Blogon-BUrl-,CUCNBlBU
CNologon-Blogon-BUrl-BSendEmail-,CNBlBUBS
Blogon-BUrl-BSendEmail-BUrl-,BlBUBSBU
BUrl-BSendEmail-BUrl-CUrl-,BUBSBUCU
BSendEmail-BUrl-CUrl-CNologon-,BSBUCUCN
BUrl-CUrl-CNologon-Blogon-,BUCUCNBl
CUrl-CNologon-Blogon-BUrl-,CUCNBlBU
CNologon-Blogon-BUrl-CUrl-,CNBlBUCU
Blogon-BUrl-CUrl-CSendEmail-,BlBUCUCS
BUrl-CUrl-CSendEmail-CUrl-,BUCUCSCU
CUrl-CSendEmail-CUrl-Clogon-,CUCSCUCl
CSendEmail-CUrl-Clogon-CNologon-,CSCUClCN
CUrl-Clogon-CNologon-CUrl-,CUClCNCU
Clogon-CNologon-CUrl-CNologon-,ClCNCUCN
CNologon-CUrl-CNologon-Blogon-,CNCUCNBl
CUrl-CNologon-Blogon-BUrl-,CUCNBlBU
CNologon-Blogon-BUrl-CUrl-,CNBlBUCU
Blogon-BUrl-CUrl-CSendEmail-,BlBUCUCS
BUrl-CUrl-CSendEmail-CUrl-,BUCUCSCU
CUrl-CSendEmail-CUrl-CNologon-,CUCSCUCN
CSendEmail-CUrl-CNologon-Blogon-,CSCUCNBl
CUrl-CNologon-Blogon-BUrl-,CUCNBlBU
CNologon-Blogon-BUrl-BSendEmail-,CNBlBUBS
Blogon-BUrl-BSendEmail-BUrl-,BlBUBSBU
BUrl-BSendEmail-BUrl-CUrl-,BUBSBUCU
BSendEmail-BUrl-CUrl-CNologon-,BSBUCUCN
BUrl-CUrl-CNologon-Blogon-,BUCUCNBl
CUrl-CNologon-Blogon-BUrl-,CUCNBlBU
CNologon-Blogon-BUrl-CUrl-,CNBlBUCU
Blogon-BUrl-CUrl-CSendEmail-,BlBUCUCS
BUrl-CUrl-CSendEmail-CNologon-,BUCUCSCN
CUrl-CSendEmail-CNologon-Blogon-,CUCSCNBl
CSendEmail-CNologon-Blogon-BUrl-,CSCNBlBU
CNologon-Blogon-BUrl-Blogon-,CNBlBUBl
Blogon-BUrl-Blogon-BNologon-,BlBUBlBN
BUrl-Blogon-BNologon-BUrl-,BUBlBNBU
Blogon-BNologon-BUrl-CSendEmail-,BlBNBUCS
BNologon-BUrl-CSendEmail-CUrl-,BNBUCSCU
BUrl-CSendEmail-CUrl-CNologon-,BUCSCUCN
CSendEmail-CUrl-CNologon-Blogon-,CSCUCNBl
CUrl-CNologon-Blogon-BUrl-,CUCNBlBU
CNologon-Blogon-BUrl-BSendEmail-,CNBlBUBS
Blogon-BUrl-BSendEmail-BUrl-,BlBUBSBU
BUrl-BSendEmail-BUrl-CUrl-,BUBSBUCU
BSendEmail-BUrl-CUrl-CNologon-,BSBUCUCN
BUrl-CUrl-CNologon-Blogon-,BUCUCNBl
CUrl-CNologon-Blogon-BUrl-,CUCNBlBU
CNologon-Blogon-BUrl-BSendEmail-,CNBlBUBS
Blogon-BUrl-BSendEmail-BUrl-,BlBUBSBU
BUrl-BSendEmail-BUrl-CUrl-,BUBSBUCU
BSendEmail-BUrl-CUrl-CNologon-,BSBUCUCN
BUrl-CUrl-CNologon-Blogon-,BUCUCNBl
CUrl-CNologon-Blogon-BUrl-,CUCNBlBU
CNologon-Blogon-BUrl-BSendEmail-,CNBlBUBS
Blogon-BUrl-BSendEmail-BUrl-,BlBUBSBU
BUrl-BSendEmail-BUrl-CUrl-,BUBSBUCU
BSendEmail-BUrl-CUrl-CNologon-,BSBUCUCN
BUrl-CUrl-CNologon-Blogon-,BUCUCNBl
CUrl-CNologon-Blogon-BUrl-,CUCNBlBU
CNologon-Blogon-BUrl-CUrl-,CNBlBUCU
Blogon-BUrl-CUrl-CSendEmail-,BlBUCUCS
BUrl-CUrl-CSendEmail-CUrl-,BUCUCSCU
CUrl-CSendEmail-CUrl-CNologon-,CUCSCUCN
CSendEmail-CUrl-CNologon-Blogon-,CSCUCNBl
CUrl-CNologon-Blogon-BUrl-,CUCNBlBU
CNologon-Blogon-BUrl-CUrl-,CNBlBUCU
Blogon-BUrl-CUrl-CSendEmail-,BlBUCUCS
BUrl-CUrl-CSendEmail-CUrl-,BUCUCSCU
CUrl-CSendEmail-CUrl-CNologon-,CUCSCUCN
CSendEmail-CUrl-CNologon-Blogon-,CSCUCNBl
CUrl-CNologon-Blogon-BSendEmail-,CUCNBlBS
CNologon-Blogon-BSendEmail-BUrl-,CNBlBSBU
Blogon-BSendEmail-BUrl-CUrl-,BlBSBUCU
BSendEmail-BUrl-CUrl-Clogon-,BSBUCUCl
BUrl-CUrl-Clogon-CNologon-,BUCUClCN
CUrl-Clogon-CNologon-CUrl-,CUClCNCU
Clogon-CNologon-CUrl-CNologon-,ClCNCUCN
CNologon-CUrl-CNologon-Blogon-,CNCUCNBl
CUrl-CNologon-Blogon-BUrl-,CUCNBlBU
CNologon-Blogon-BUrl-CUrl-,CNBlBUCU
Blogon-BUrl-CUrl-CSendEmail-,BlBUCUCS
BUrl-CUrl-CSendEmail-CUrl-,BUCUCSCU
CUrl-CSendEmail-CUrl-CNologon-,CUCSCUCN
CSendEmail-CUrl-CNologon-Blogon-,CSCUCNBl
CUrl-CNologon-Blogon-BUrl-,CUCNBlBU
CNologon-Blogon-BUrl-CSendEmail-,CNBlBUCS
Blogon-BUrl-CSendEmail-CUrl-,BlBUCSCU
BUrl-CSendEmail-CUrl-CNologon-,BUCSCUCN
CSendEmail-CUrl-CNologon-Blogon-,CSCUCNBl
CUrl-CNologon-Blogon-BUrl-,CUCNBlBU
CNologon-Blogon-BUrl-BSendEmail-,CNBlBUBS
Blogon-BUrl-BSendEmail-BUrl-,BlBUBSBU
BUrl-BSendEmail-BUrl-CUrl-,BUBSBUCU
BSendEmail-BUrl-CUrl-CNologon-,BSBUCUCN
BUrl-CUrl-CNologon-Blogon-,BUCUCNBl
CUrl-CNologon-Blogon-BSendEmail-,CUCNBlBS
CNologon-Blogon-BSendEmail-BUrl-,CNBlBSBU
Blogon-BSendEmail-BUrl-CUrl-,BlBSBUCU
BSendEmail-BUrl-CUrl-CNologon-,BSBUCUCN
BUrl-CUrl-CNologon-Blogon-,BUCUCNBl
CUrl-CNologon-Blogon-Blogon-,CUCNBlBl
CNologon-Blogon-Blogon-BNologon-,CNBlBlBN
Blogon-Blogon-BNologon-BUrl-,BlBlBNBU
Blogon-BNologon-BUrl-CUrl-,BlBNBUCU
BNologon-BUrl-CUrl-CNologon-,BNBUCUCN
BUrl-CUrl-CNologon-Blogon-,BUCUCNBl
CUrl-CNologon-Blogon-BUrl-,CUCNBlBU
CNologon-Blogon-BUrl-BSendEmail-,CNBlBUBS
Blogon-BUrl-BSendEmail-BUrl-,BlBUBSBU
BUrl-BSendEmail-BUrl-CUrl-,BUBSBUCU
BSendEmail-BUrl-CUrl-Clogon-,BSBUCUCl
BUrl-CUrl-Clogon-CNologon-,BUCUClCN
CUrl-Clogon-CNologon-CUrl-,CUClCNCU
Clogon-CNologon-CUrl-CNologon-,ClCNCUCN
CNologon-CUrl-CNologon-Blogon-,CNCUCNBl
CUrl-CNologon-Blogon-BSendEmail-,CUCNBlBS
CNologon-Blogon-BSendEmail-BUrl-,CNBlBSBU
Blogon-BSendEmail-BUrl-Blogon-,BlBSBUBl
BSendEmail-BUrl-Blogon-BNologon-,BSBUBlBN
BUrl-Blogon-BNologon-BUrl-,BUBlBNBU
Blogon-BNologon-BUrl-CUrl-,BlBNBUCU
BNologon-BUrl-CUrl-CNologon-,BNBUCUCN
BUrl-CUrl-CNologon-Blogon-,BUCUCNBl
CUrl-CNologon-Blogon-BUrl-,CUCNBlBU
CNologon-Blogon-BUrl-CUrl-,CNBlBUCU
Blogon-BUrl-CUrl-CSendEmail-,BlBUCUCS
BUrl-CUrl-CSendEmail-CNologon-,BUCUCSCN
CUrl-CSendEmail-CNologon-Blogon-,CUCSCNBl
CSendEmail-CNologon-Blogon-BUrl-,CSCNBlBU
CNologon-Blogon-BUrl-BSendEmail-,CNBlBUBS
Blogon-BUrl-BSendEmail-CUrl-,BlBUBSCU
BUrl-BSendEmail-CUrl-CNologon-,BUBSCUCN
BSendEmail-CUrl-CNologon-Blogon-,BSCUCNBl
CUrl-CNologon-Blogon-BUrl-,CUCNBlBU
CNologon-Blogon-BUrl-CUrl-,CNBlBUCU
Blogon-BUrl-CUrl-CSendEmail-,BlBUCUCS
BUrl-CUrl-CSendEmail-CUrl-,BUCUCSCU
CUrl-CSendEmail-CUrl-CNologon-,CUCSCUCN
CSendEmail-CUrl-CNologon-Blogon-,CSCUCNBl
CUrl-CNologon-Blogon-BUrl-,CUCNBlBU
CNologon-Blogon-BUrl-CUrl-,CNBlBUCU
Blogon-BUrl-CUrl-CSendEmail-,BlBUCUCS
BUrl-CUrl-CSendEmail-CUrl-,BUCUCSCU
CUrl-CSendEmail-CUrl-CNologon-,CUCSCUCN
CSendEmail-CUrl-CNologon-Blogon-,CSCUCNBl
CUrl-CNologon-Blogon-BUrl-,CUCNBlBU
CNologon-Blogon-BUrl-CUrl-,CNBlBUCU
Blogon-BUrl-CUrl-CSendEmail-,BlBUCUCS
BUrl-CUrl-CSendEmail-CUrl-,BUCUCSCU
CUrl-CSendEmail-CUrl-CNologon-,CUCSCUCN
CSendEmail-CUrl-CNologon-Blogon-,CSCUCNBl
CUrl-CNologon-Blogon-BUrl-,CUCNBlBU
CNologon-Blogon-BUrl-CUrl-,CNBlBUCU
Blogon-BUrl-CUrl-CSendEmail-,BlBUCUCS
BUrl-CUrl-CSendEmail-CNologon-,BUCUCSCN
CUrl-CSendEmail-CNologon-Blogon-,CUCSCNBl
CSendEmail-CNologon-Blogon-BUrl-,CSCNBlBU
CNologon-Blogon-BUrl-BSendEmail-,CNBlBUBS
Blogon-BUrl-BSendEmail-BUrl-,BlBUBSBU
BUrl-BSendEmail-BUrl-CUrl-,BUBSBUCU
BSendEmail-BUrl-CUrl-CNologon-,BSBUCUCN
BUrl-CUrl-CNologon-Blogon-,BUCUCNBl
CUrl-CNologon-Blogon-BUrl-,CUCNBlBU
CNologon-Blogon-BUrl-CUrl-,CNBlBUCU
Blogon-BUrl-CUrl-CSendEmail-,BlBUCUCS
BUrl-CUrl-CSendEmail-CUrl-,BUCUCSCU
CUrl-CSendEmail-CUrl-CNologon-,CUCSCUCN
CSendEmail-CUrl-CNologon-Blogon-,CSCUCNBl
CUrl-CNologon-Blogon-BUrl-,CUCNBlBU
CNologon-Blogon-BUrl-CSendEmail-,CNBlBUCS
Blogon-BUrl-CSendEmail-CUrl-,BlBUCSCU
BUrl-CSendEmail-CUrl-CNologon-,BUCSCUCN
CSendEmail-CUrl-CNologon-Blogon-,CSCUCNBl
CUrl-CNologon-Blogon-BUrl-,CUCNBlBU
CNologon-Blogon-BUrl-BSendEmail-,CNBlBUBS
Blogon-BUrl-BSendEmail-BUrl-,BlBUBSBU
BUrl-BSendEmail-BUrl-Blogon-,BUBSBUBl
BSendEmail-BUrl-Blogon-BNologon-,BSBUBlBN
BUrl-Blogon-BNologon-BUrl-,BUBlBNBU
Blogon-BNologon-BUrl-CUrl-,BlBNBUCU
BNologon-BUrl-CUrl-CNologon-,BNBUCUCN
BUrl-CUrl-CNologon-Blogon-,BUCUCNBl
CUrl-CNologon-Blogon-BUrl-,CUCNBlBU
CNologon-Blogon-BUrl-CUrl-,CNBlBUCU
Blogon-BUrl-CUrl-CSendEmail-,BlBUCUCS
BUrl-CUrl-CSendEmail-CUrl-,BUCUCSCU
CUrl-CSendEmail-CUrl-CNologon-,CUCSCUCN
CSendEmail-CUrl-CNologon-Blogon-,CSCUCNBl
CUrl-CNologon-Blogon-BUrl-,CUCNBlBU
CNologon-Blogon-BUrl-CSendEmail-,CNBlBUCS
Blogon-BUrl-CSendEmail-CUrl-,BlBUCSCU
BUrl-CSendEmail-CUrl-CNologon-,BUCSCUCN
CSendEmail-CUrl-CNologon-Blogon-,CSCUCNBl
CUrl-CNologon-Blogon-BUrl-,CUCNBlBU
CNologon-Blogon-BUrl-BSendEmail-,CNBlBUBS
Blogon-BUrl-BSendEmail-BUrl-,BlBUBSBU
BUrl-BSendEmail-BUrl-CUrl-,BUBSBUCU
BSendEmail-BUrl-CUrl-CNologon-,BSBUCUCN
BUrl-CUrl-CNologon-Blogon-,BUCUCNBl
CUrl-CNologon-Blogon-BUrl-,CUCNBlBU
CNologon-Blogon-BUrl-Blogon-,CNBlBUBl
Blogon-BUrl-Blogon-BUrl-,BlBUBlBU
BUrl-Blogon-BUrl-BNologon-,BUBlBUBN
Blogon-BUrl-BNologon-BUrl-,BlBUBNBU
BUrl-BNologon-BUrl-CUrl-,BUBNBUCU
BNologon-BUrl-CUrl-CSendEmail-,BNBUCUCS
BUrl-CUrl-CSendEmail-CUrl-,BUCUCSCU
CUrl-CSendEmail-CUrl-CNologon-,CUCSCUCN
CSendEmail-CUrl-CNologon-Blogon-,CSCUCNBl
CUrl-CNologon-Blogon-BSendEmail-,CUCNBlBS
CNologon-Blogon-BSendEmail-BUrl-,CNBlBSBU
Blogon-BSendEmail-BUrl-CUrl-,BlBSBUCU
BSendEmail-BUrl-CUrl-Clogon-,BSBUCUCl
BUrl-CUrl-Clogon-CNologon-,BUCUClCN
CUrl-Clogon-CNologon-CUrl-,CUClCNCU
Clogon-CNologon-CUrl-CNologon-,ClCNCUCN
CNologon-CUrl-CNologon-Blogon-,CNCUCNBl
CUrl-CNologon-Blogon-BUrl-,CUCNBlBU
CNologon-Blogon-BUrl-BSendEmail-,CNBlBUBS
Blogon-BUrl-BSendEmail-BUrl-,BlBUBSBU
BUrl-BSendEmail-BUrl-CUrl-,BUBSBUCU
BSendEmail-BUrl-CUrl-Clogon-,BSBUCUCl
BUrl-CUrl-Clogon-CNologon-,BUCUClCN
CUrl-Clogon-CNologon-CUrl-,CUClCNCU
Clogon-CNologon-CUrl-CNologon-,ClCNCUCN
CNologon-CUrl-CNologon-Blogon-,CNCUCNBl
CUrl-CNologon-Blogon-BUrl-,CUCNBlBU
CNologon-Blogon-BUrl-CUrl-,CNBlBUCU
Blogon-BUrl-CUrl-CNologon-,BlBUCUCN
BUrl-CUrl-CNologon-Blogon-,BUCUCNBl
CUrl-CNologon-Blogon-BSendEmail-,CUCNBlBS
CNologon-Blogon-BSendEmail-BUrl-,CNBlBSBU
Blogon-BSendEmail-BUrl-CUrl-,BlBSBUCU
BSendEmail-BUrl-CUrl-CNologon-,BSBUCUCN
BUrl-CUrl-CNologon-Blogon-,BUCUCNBl
CUrl-CNologon-Blogon-BUrl-,CUCNBlBU
CNologon-Blogon-BUrl-BSendEmail-,CNBlBUBS
Blogon-BUrl-BSendEmail-CUrl-,BlBUBSCU
BUrl-BSendEmail-CUrl-CNologon-,BUBSCUCN
BSendEmail-CUrl-CNologon-Blogon-,BSCUCNBl
CUrl-CNologon-Blogon-BSendEmail-,CUCNBlBS
CNologon-Blogon-BSendEmail-BUrl-,CNBlBSBU
Blogon-BSendEmail-BUrl-CUrl-,BlBSBUCU
BSendEmail-BUrl-CUrl-CNologon-,BSBUCUCN
BUrl-CUrl-CNologon-Blogon-,BUCUCNBl
CUrl-CNologon-Blogon-BUrl-,CUCNBlBU
CNologon-Blogon-BUrl-CUrl-,CNBlBUCU
Blogon-BUrl-CUrl-CSendEmail-,BlBUCUCS
BUrl-CUrl-CSendEmail-CUrl-,BUCUCSCU
CUrl-CSendEmail-CUrl-CNologon-,CUCSCUCN
CSendEmail-CUrl-CNologon-Blogon-,CSCUCNBl
CUrl-CNologon-Blogon-BUrl-,CUCNBlBU
CNologon-Blogon-BUrl-CSendEmail-,CNBlBUCS
Blogon-BUrl-CSendEmail-CUrl-,BlBUCSCU
BUrl-CSendEmail-CUrl-CNologon-,BUCSCUCN
CSendEmail-CUrl-CNologon-Blogon-,CSCUCNBl
CUrl-CNologon-Blogon-BUrl-,CUCNBlBU
CNologon-Blogon-BUrl-CUrl-,CNBlBUCU
Blogon-BUrl-CUrl-CSendEmail-,BlBUCUCS
BUrl-CUrl-CSendEmail-CUrl-,BUCUCSCU
CUrl-CSendEmail-CUrl-CNologon-,CUCSCUCN
CSendEmail-CUrl-CNologon-Blogon-,CSCUCNBl
CUrl-CNologon-Blogon-BUrl-,CUCNBlBU
CNologon-Blogon-BUrl-BSendEmail-,CNBlBUBS
Blogon-BUrl-BSendEmail-BUrl-,BlBUBSBU
BUrl-BSendEmail-BUrl-CUrl-,BUBSBUCU
BSendEmail-BUrl-CUrl-CNologon-,BSBUCUCN
BUrl-CUrl-CNologon-Blogon-,BUCUCNBl
CUrl-CNologon-Blogon-BUrl-,CUCNBlBU
CNologon-Blogon-BUrl-BSendEmail-,CNBlBUBS
Blogon-BUrl-BSendEmail-BUrl-,BlBUBSBU
BUrl-BSendEmail-BUrl-Blogon-,BUBSBUBl
BSendEmail-BUrl-Blogon-BNologon-,BSBUBlBN
BUrl-Blogon-BNologon-BUrl-,BUBlBNBU
Blogon-BNologon-BUrl-CUrl-,BlBNBUCU
BNologon-BUrl-CUrl-CNologon-,BNBUCUCN
BUrl-CUrl-CNologon-Blogon-,BUCUCNBl
CUrl-CNologon-Blogon-BUrl-,CUCNBlBU
CNologon-Blogon-BUrl-Blogon-,CNBlBUBl
Blogon-BUrl-Blogon-BUrl-,BlBUBlBU
BUrl-Blogon-BUrl-CNologon-,BUBlBUCN
Blogon-BUrl-CNologon-CUrl-,BlBUCNCU
BUrl-CNologon-CUrl-CSendEmail-,BUCNCUCS
CNologon-CUrl-CSendEmail-CUrl-,CNCUCSCU
CUrl-CSendEmail-CUrl-CNologon-,CUCSCUCN
CSendEmail-CUrl-CNologon-Blogon-,CSCUCNBl
CUrl-CNologon-Blogon-BUrl-,CUCNBlBU
CNologon-Blogon-BUrl-BSendEmail-,CNBlBUBS
Blogon-BUrl-BSendEmail-BUrl-,BlBUBSBU
BUrl-BSendEmail-BUrl-CUrl-,BUBSBUCU
BSendEmail-BUrl-CUrl-CNologon-,BSBUCUCN
BUrl-CUrl-CNologon-Blogon-,BUCUCNBl
CUrl-CNologon-Blogon-BUrl-,CUCNBlBU
CNologon-Blogon-BUrl-Blogon-,CNBlBUBl
Blogon-BUrl-Blogon-BUrl-,BlBUBlBU
BUrl-Blogon-BUrl-BSendEmail-,BUBlBUBS
Blogon-BUrl-BSendEmail-BNologon-,BlBUBSBN
BUrl-BSendEmail-BNologon-BUrl-,BUBSBNBU
BSendEmail-BNologon-BUrl-CUrl-,BSBNBUCU
BNologon-BUrl-CUrl-CNologon-,BNBUCUCN
BUrl-CUrl-CNologon-Blogon-,BUCUCNBl
CUrl-CNologon-Blogon-BUrl-,CUCNBlBU
CNologon-Blogon-BUrl-CSendEmail-,CNBlBUCS
Blogon-BUrl-CSendEmail-CUrl-,BlBUCSCU
BUrl-CSendEmail-CUrl-CNologon-,BUCSCUCN
CSendEmail-CUrl-CNologon-Blogon-,CSCUCNBl
CUrl-CNologon-Blogon-BUrl-,CUCNBlBU
CNologon-Blogon-BUrl-BSendEmail-,CNBlBUBS
Blogon-BUrl-BSendEmail-CUrl-,BlBUBSCU
BUrl-BSendEmail-CUrl-CNologon-,BUBSCUCN
BSendEmail-CUrl-CNologon-Blogon-,BSCUCNBl
CUrl-CNologon-Blogon-BUrl-,CUCNBlBU
CNologon-Blogon-BUrl-CUrl-,CNBlBUCU
Blogon-BUrl-CUrl-CSendEmail-,BlBUCUCS
BUrl-CUrl-CSendEmail-CNologon-,BUCUCSCN
CUrl-CSendEmail-CNologon-Blogon-,CUCSCNBl
CSendEmail-CNologon-Blogon-BUrl-,CSCNBlBU
CNologon-Blogon-BUrl-BSendEmail-,CNBlBUBS
Blogon-BUrl-BSendEmail-BUrl-,BlBUBSBU
BUrl-BSendEmail-BUrl-CUrl-,BUBSBUCU
BSendEmail-BUrl-CUrl-Clogon-,BSBUCUCl
BUrl-CUrl-Clogon-CNologon-,BUCUClCN
CUrl-Clogon-CNologon-CUrl-,CUClCNCU
Clogon-CNologon-CUrl-CNologon-,ClCNCUCN
CNologon-CUrl-CNologon-Blogon-,CNCUCNBl
CUrl-CNologon-Blogon-BUrl-,CUCNBlBU
CNologon-Blogon-BUrl-BSendEmail-,CNBlBUBS
Blogon-BUrl-BSendEmail-BUrl-,BlBUBSBU
BUrl-BSendEmail-BUrl-CUrl-,BUBSBUCU
BSendEmail-BUrl-CUrl-CNologon-,BSBUCUCN
BUrl-CUrl-CNologon-Blogon-,BUCUCNBl
CUrl-CNologon-Blogon-BUrl-,CUCNBlBU
CNologon-Blogon-BUrl-BSendEmail-,CNBlBUBS
Blogon-BUrl-BSendEmail-BUrl-,BlBUBSBU
BUrl-BSendEmail-BUrl-CUrl-,BUBSBUCU
BSendEmail-BUrl-CUrl-CNologon-,BSBUCUCN
BUrl-CUrl-CNologon-Blogon-,BUCUCNBl
CUrl-CNologon-Blogon-BUrl-,CUCNBlBU
CNologon-Blogon-BUrl-CSendEmail-,CNBlBUCS
Blogon-BUrl-CSendEmail-CUrl-,BlBUCSCU
BUrl-CSendEmail-CUrl-CNologon-,BUCSCUCN
CSendEmail-CUrl-CNologon-Blogon-,CSCUCNBl
CUrl-CNologon-Blogon-BUrl-,CUCNBlBU
CNologon-Blogon-BUrl-BSendEmail-,CNBlBUBS
Blogon-BUrl-BSendEmail-CUrl-,BlBUBSCU
BUrl-BSendEmail-CUrl-CNologon-,BUBSCUCN
BSendEmail-CUrl-CNologon-Blogon-,BSCUCNBl
CUrl-CNologon-Blogon-BUrl-,CUCNBlBU
CNologon-Blogon-BUrl-BSendEmail-,CNBlBUBS
Blogon-BUrl-BSendEmail-BUrl-,BlBUBSBU
BUrl-BSendEmail-BUrl-CUrl-,BUBSBUCU
BSendEmail-BUrl-CUrl-CNologon-,BSBUCUCN
BUrl-CUrl-CNologon-Blogon-,BUCUCNBl
CUrl-CNologon-Blogon-BUrl-,CUCNBlBU
CNologon-Blogon-BUrl-CSendEmail-,CNBlBUCS
Blogon-BUrl-CSendEmail-CUrl-,BlBUCSCU
BUrl-CSendEmail-CUrl-CNologon-,BUCSCUCN
CSendEmail-CUrl-CNologon-Blogon-,CSCUCNBl
CUrl-CNologon-Blogon-BUrl-,CUCNBlBU
CNologon-Blogon-BUrl-BSendEmail-,CNBlBUBS
Blogon-BUrl-BSendEmail-BUrl-,BlBUBSBU
BUrl-BSendEmail-BUrl-Blogon-,BUBSBUBl
BSendEmail-BUrl-Blogon-BNologon-,BSBUBlBN
BUrl-Blogon-BNologon-CUrl-,BUBlBNCU
Blogon-BNologon-CUrl-CNologon-,BlBNCUCN
BNologon-CUrl-CNologon-Blogon-,BNCUCNBl
CUrl-CNologon-Blogon-BUrl-,CUCNBlBU
CNologon-Blogon-BUrl-BSendEmail-,CNBlBUBS
Blogon-BUrl-BSendEmail-Blogon-,BlBUBSBl
BUrl-BSendEmail-Blogon-BNologon-,BUBSBlBN
BSendEmail-Blogon-BNologon-CUrl-,BSBlBNCU
Blogon-BNologon-CUrl-CNologon-,BlBNCUCN
BNologon-CUrl-CNologon-Blogon-,BNCUCNBl
CUrl-CNologon-Blogon-BUrl-,CUCNBlBU
CNologon-Blogon-BUrl-BSendEmail-,CNBlBUBS
Blogon-BUrl-BSendEmail-BUrl-,BlBUBSBU
BUrl-BSendEmail-BUrl-Clogon-,BUBSBUCl
BSendEmail-BUrl-Clogon-CNologon-,BSBUClCN
BUrl-Clogon-CNologon-CUrl-,BUClCNCU
Clogon-CNologon-CUrl-CNologon-,ClCNCUCN
CNologon-CUrl-CNologon-Blogon-,CNCUCNBl
CUrl-CNologon-Blogon-BUrl-,CUCNBlBU
CNologon-Blogon-BUrl-CUrl-,CNBlBUCU
Blogon-BUrl-CUrl-CSendEmail-,BlBUCUCS
BUrl-CUrl-CSendEmail-CUrl-,BUCUCSCU
CUrl-CSendEmail-CUrl-CNologon-,CUCSCUCN
CSendEmail-CUrl-CNologon-Blogon-,CSCUCNBl
CUrl-CNologon-Blogon-BUrl-,CUCNBlBU
CNologon-Blogon-BUrl-CUrl-,CNBlBUCU
Blogon-BUrl-CUrl-CSendEmail-,BlBUCUCS
BUrl-CUrl-CSendEmail-CNologon-,BUCUCSCN
CUrl-CSendEmail-CNologon-Blogon-,CUCSCNBl
CSendEmail-CNologon-Blogon-BUrl-,CSCNBlBU
CNologon-Blogon-BUrl-BSendEmail-,CNBlBUBS
Blogon-BUrl-BSendEmail-CUrl-,BlBUBSCU
BUrl-BSendEmail-CUrl-CNologon-,BUBSCUCN
BSendEmail-CUrl-CNologon-Blogon-,BSCUCNBl
CUrl-CNologon-Blogon-BUrl-,CUCNBlBU
CNologon-Blogon-BUrl-BSendEmail-,CNBlBUBS
Blogon-BUrl-BSendEmail-BUrl-,BlBUBSBU
BUrl-BSendEmail-BUrl-CUrl-,BUBSBUCU
BSendEmail-BUrl-CUrl-CNologon-,BSBUCUCN
BUrl-CUrl-CNologon-Blogon-,BUCUCNBl
CUrl-CNologon-Blogon-BUrl-,CUCNBlBU
CNologon-Blogon-BUrl-BSendEmail-,CNBlBUBS
Blogon-BUrl-BSendEmail-BUrl-,BlBUBSBU
BUrl-BSendEmail-BUrl-CUrl-,BUBSBUCU
BSendEmail-BUrl-CUrl-CNologon-,BSBUCUCN
BUrl-CUrl-CNologon-Blogon-,BUCUCNBl
CUrl-CNologon-Blogon-BUrl-,CUCNBlBU
CNologon-Blogon-BUrl-Clogon-,CNBlBUCl
Blogon-BUrl-Clogon-CUrl-,BlBUClCU
BUrl-Clogon-CUrl-CNologon-,BUClCUCN
Clogon-CUrl-CNologon-CUrl-,ClCUCNCU
CUrl-CNologon-CUrl-CSendEmail-,CUCNCUCS
CNologon-CUrl-CSendEmail-CNologon-,CNCUCSCN
CUrl-CSendEmail-CNologon-Blogon-,CUCSCNBl
CSendEmail-CNologon-Blogon-BUrl-,CSCNBlBU
CNologon-Blogon-BUrl-BSendEmail-,CNBlBUBS
Blogon-BUrl-BSendEmail-BUrl-,BlBUBSBU
BUrl-BSendEmail-BUrl-CUrl-,BUBSBUCU
BSendEmail-BUrl-CUrl-CNologon-,BSBUCUCN
BUrl-CUrl-CNologon-Blogon-,BUCUCNBl
CUrl-CNologon-Blogon-BUrl-,CUCNBlBU
CNologon-Blogon-BUrl-BSendEmail-,CNBlBUBS
Blogon-BUrl-BSendEmail-BUrl-,BlBUBSBU
BUrl-BSendEmail-BUrl-CUrl-,BUBSBUCU
BSendEmail-BUrl-CUrl-CNologon-,BSBUCUCN
BUrl-CUrl-CNologon-Blogon-,BUCUCNBl
CUrl-CNologon-Blogon-BUrl-,CUCNBlBU
CNologon-Blogon-BUrl-BSendEmail-,CNBlBUBS
Blogon-BUrl-BSendEmail-Blogon-,BlBUBSBl
BUrl-BSendEmail-Blogon-BNologon-,BUBSBlBN
BSendEmail-Blogon-BNologon-BUrl-,BSBlBNBU
Blogon-BNologon-BUrl-CUrl-,BlBNBUCU
BNologon-BUrl-CUrl-CNologon-,BNBUCUCN
BUrl-CUrl-CNologon-Blogon-,BUCUCNBl
CUrl-CNologon-Blogon-BSendEmail-,CUCNBlBS
CNologon-Blogon-BSendEmail-BUrl-,CNBlBSBU
Blogon-BSendEmail-BUrl-CUrl-,BlBSBUCU
BSendEmail-BUrl-CUrl-Clogon-,BSBUCUCl
BUrl-CUrl-Clogon-CNologon-,BUCUClCN
CUrl-Clogon-CNologon-CNologon-,CUClCNCN
Clogon-CNologon-CNologon-Blogon-,ClCNCNBl
CNologon-CNologon-Blogon-BUrl-,CNCNBlBU
CNologon-Blogon-BUrl-BSendEmail-,CNBlBUBS
Blogon-BUrl-BSendEmail-CUrl-,BlBUBSCU
BUrl-BSendEmail-CUrl-CNologon-,BUBSCUCN
BSendEmail-CUrl-CNologon-Blogon-,BSCUCNBl
CUrl-CNologon-Blogon-BSendEmail-,CUCNBlBS
CNologon-Blogon-BSendEmail-BUrl-,CNBlBSBU
Blogon-BSendEmail-BUrl-CUrl-,BlBSBUCU
BSendEmail-BUrl-CUrl-CNologon-,BSBUCUCN
BUrl-CUrl-CNologon-Blogon-,BUCUCNBl
CUrl-CNologon-Blogon-BUrl-,CUCNBlBU
CNologon-Blogon-BUrl-CUrl-,CNBlBUCU
Blogon-BUrl-CUrl-CNologon-,BlBUCUCN
BUrl-CUrl-CNologon-Blogon-,BUCUCNBl
CUrl-CNologon-Blogon-BUrl-,CUCNBlBU
CNologon-Blogon-BUrl-CUrl-,CNBlBUCU
Blogon-BUrl-CUrl-CSendEmail-,BlBUCUCS
BUrl-CUrl-CSendEmail-CUrl-,BUCUCSCU
CUrl-CSendEmail-CUrl-CNologon-,CUCSCUCN
CSendEmail-CUrl-CNologon-Blogon-,CSCUCNBl
CUrl-CNologon-Blogon-BUrl-,CUCNBlBU
CNologon-Blogon-BUrl-BSendEmail-,CNBlBUBS
Blogon-BUrl-BSendEmail-BUrl-,BlBUBSBU
BUrl-BSendEmail-BUrl-Blogon-,BUBSBUBl
BSendEmail-BUrl-Blogon-BUrl-,BSBUBlBU
BUrl-Blogon-BUrl-BNologon-,BUBlBUBN
Blogon-BUrl-BNologon-BUrl-,BlBUBNBU
BUrl-BNologon-BUrl-CUrl-,BUBNBUCU
BNologon-BUrl-CUrl-CNologon-,BNBUCUCN
BUrl-CUrl-CNologon-Blogon-,BUCUCNBl
CUrl-CNologon-Blogon-BUrl-,CUCNBlBU
CNologon-Blogon-BUrl-CUrl-,CNBlBUCU
Blogon-BUrl-CUrl-CSendEmail-,BlBUCUCS
BUrl-CUrl-CSendEmail-CUrl-,BUCUCSCU
CUrl-CSendEmail-CUrl-CNologon-,CUCSCUCN
CSendEmail-CUrl-CNologon-Blogon-,CSCUCNBl
CUrl-CNologon-Blogon-BUrl-,CUCNBlBU
CNologon-Blogon-BUrl-BSendEmail-,CNBlBUBS
Blogon-BUrl-BSendEmail-BUrl-,BlBUBSBU
BUrl-BSendEmail-BUrl-CUrl-,BUBSBUCU
BSendEmail-BUrl-CUrl-CNologon-,BSBUCUCN
BUrl-CUrl-CNologon-Blogon-,BUCUCNBl
CUrl-CNologon-Blogon-BUrl-,CUCNBlBU
CNologon-Blogon-BUrl-Blogon-,CNBlBUBl
Blogon-BUrl-Blogon-BSendEmail-,BlBUBlBS
BUrl-Blogon-BSendEmail-BNologon-,BUBlBSBN
Blogon-BSendEmail-BNologon-BUrl-,BlBSBNBU
BSendEmail-BNologon-BUrl-CUrl-,BSBNBUCU
BNologon-BUrl-CUrl-CNologon-,BNBUCUCN
BUrl-CUrl-CNologon-Blogon-,BUCUCNBl
CUrl-CNologon-Blogon-BUrl-,CUCNBlBU
CNologon-Blogon-BUrl-CUrl-,CNBlBUCU
Blogon-BUrl-CUrl-CSendEmail-,BlBUCUCS
BUrl-CUrl-CSendEmail-CUrl-,BUCUCSCU
CUrl-CSendEmail-CUrl-CNologon-,CUCSCUCN
CSendEmail-CUrl-CNologon-Blogon-,CSCUCNBl
CUrl-CNologon-Blogon-BUrl-,CUCNBlBU
CNologon-Blogon-BUrl-Blogon-,CNBlBUBl
Blogon-BUrl-Blogon-BUrl-,BlBUBlBU
BUrl-Blogon-BUrl-BNologon-,BUBlBUBN
Blogon-BUrl-BNologon-BUrl-,BlBUBNBU
BUrl-BNologon-BUrl-CUrl-,BUBNBUCU
BNologon-BUrl-CUrl-CSendEmail-,BNBUCUCS
BUrl-CUrl-CSendEmail-CNologon-,BUCUCSCN
CUrl-CSendEmail-CNologon-Blogon-,CUCSCNBl
CSendEmail-CNologon-Blogon-BSendEmail-,CSCNBlBS
CNologon-Blogon-BSendEmail-BUrl-,CNBlBSBU
Blogon-BSendEmail-BUrl-CUrl-,BlBSBUCU
BSendEmail-BUrl-CUrl-Clogon-,BSBUCUCl
BUrl-CUrl-Clogon-CNologon-,BUCUClCN
CUrl-Clogon-CNologon-CNologon-,CUClCNCN
Clogon-CNologon-CNologon-Blogon-,ClCNCNBl
CNologon-CNologon-Blogon-BUrl-,CNCNBlBU
CNologon-Blogon-BUrl-CUrl-,CNBlBUCU
Blogon-BUrl-CUrl-CSendEmail-,BlBUCUCS
BUrl-CUrl-CSendEmail-CUrl-,BUCUCSCU
CUrl-CSendEmail-CUrl-CNologon-,CUCSCUCN
CSendEmail-CUrl-CNologon-Blogon-,CSCUCNBl
CUrl-CNologon-Blogon-BUrl-,CUCNBlBU
CNologon-Blogon-BUrl-CSendEmail-,CNBlBUCS
Blogon-BUrl-CSendEmail-CUrl-,BlBUCSCU
BUrl-CSendEmail-CUrl-Clogon-,BUCSCUCl
CSendEmail-CUrl-Clogon-CNologon-,CSCUClCN
CUrl-Clogon-CNologon-CNologon-,CUClCNCN
Clogon-CNologon-CNologon-Blogon-,ClCNCNBl
CNologon-CNologon-Blogon-BUrl-,CNCNBlBU
CNologon-Blogon-BUrl-BSendEmail-,CNBlBUBS
Blogon-BUrl-BSendEmail-CUrl-,BlBUBSCU
BUrl-BSendEmail-CUrl-Clogon-,BUBSCUCl
BSendEmail-CUrl-Clogon-CNologon-,BSCUClCN
CUrl-Clogon-CNologon-CUrl-,CUClCNCU
Clogon-CNologon-CUrl-CNologon-,ClCNCUCN
CNologon-CUrl-CNologon-Blogon-,CNCUCNBl
CUrl-CNologon-Blogon-BUrl-,CUCNBlBU
CNologon-Blogon-BUrl-CUrl-,CNBlBUCU
Blogon-BUrl-CUrl-Clogon-,BlBUCUCl
BUrl-CUrl-Clogon-CSendEmail-,BUCUClCS
CUrl-Clogon-CSendEmail-CNologon-,CUClCSCN
Clogon-CSendEmail-CNologon-CNologon-,ClCSCNCN
CSendEmail-CNologon-CNologon-Blogon-,CSCNCNBl
CNologon-CNologon-Blogon-BUrl-,CNCNBlBU
CNologon-Blogon-BUrl-BSendEmail-,CNBlBUBS
Blogon-BUrl-BSendEmail-BUrl-,BlBUBSBU
BUrl-BSendEmail-BUrl-CUrl-,BUBSBUCU
BSendEmail-BUrl-CUrl-CNologon-,BSBUCUCN
BUrl-CUrl-CNologon-Blogon-,BUCUCNBl
CUrl-CNologon-Blogon-BUrl-,CUCNBlBU
CNologon-Blogon-BUrl-BSendEmail-,CNBlBUBS
Blogon-BUrl-BSendEmail-BUrl-,BlBUBSBU
BUrl-BSendEmail-BUrl-CUrl-,BUBSBUCU
BSendEmail-BUrl-CUrl-CNologon-,BSBUCUCN
BUrl-CUrl-CNologon-Blogon-,BUCUCNBl
CUrl-CNologon-Blogon-BUrl-,CUCNBlBU
CNologon-Blogon-BUrl-CUrl-,CNBlBUCU
Blogon-BUrl-CUrl-CSendEmail-,BlBUCUCS
BUrl-CUrl-CSendEmail-CNologon-,BUCUCSCN
CUrl-CSendEmail-CNologon-Blogon-,CUCSCNBl
CSendEmail-CNologon-Blogon-BUrl-,CSCNBlBU
CNologon-Blogon-BUrl-BSendEmail-,CNBlBUBS
Blogon-BUrl-BSendEmail-BUrl-,BlBUBSBU
BUrl-BSendEmail-BUrl-CUrl-,BUBSBUCU
BSendEmail-BUrl-CUrl-CNologon-,BSBUCUCN
BUrl-CUrl-CNologon-Blogon-,BUCUCNBl
CUrl-CNologon-Blogon-BUrl-,CUCNBlBU
CNologon-Blogon-BUrl-CUrl-,CNBlBUCU
Blogon-BUrl-CUrl-CSendEmail-,BlBUCUCS
BUrl-CUrl-CSendEmail-CUrl-,BUCUCSCU
CUrl-CSendEmail-CUrl-CNologon-,CUCSCUCN
CSendEmail-CUrl-CNologon-Blogon-,CSCUCNBl
CUrl-CNologon-Blogon-BUrl-,CUCNBlBU
CNologon-Blogon-BUrl-Blogon-,CNBlBUBl
Blogon-BUrl-Blogon-BNologon-,BlBUBlBN
BUrl-Blogon-BNologon-BSendEmail-,BUBlBNBS
Blogon-BNologon-BSendEmail-CUrl-,BlBNBSCU
BNologon-BSendEmail-CUrl-CNologon-,BNBSCUCN
BSendEmail-CUrl-CNologon-Blogon-,BSCUCNBl
CUrl-CNologon-Blogon-BUrl-,CUCNBlBU
CNologon-Blogon-BUrl-CSendEmail-,CNBlBUCS
Blogon-BUrl-CSendEmail-CUrl-,BlBUCSCU
BUrl-CSendEmail-CUrl-CNologon-,BUCSCUCN
CSendEmail-CUrl-CNologon-Blogon-,CSCUCNBl
CUrl-CNologon-Blogon-BUrl-,CUCNBlBU
CNologon-Blogon-BUrl-CSendEmail-,CNBlBUCS
Blogon-BUrl-CSendEmail-CUrl-,BlBUCSCU
BUrl-CSendEmail-CUrl-CNologon-,BUCSCUCN
CSendEmail-CUrl-CNologon-Blogon-,CSCUCNBl
CUrl-CNologon-Blogon-BUrl-,CUCNBlBU
CNologon-Blogon-BUrl-Blogon-,CNBlBUBl
Blogon-BUrl-Blogon-BNologon-,BlBUBlBN
BUrl-Blogon-BNologon-CUrl-,BUBlBNCU
Blogon-BNologon-CUrl-CSendEmail-,BlBNCUCS
BNologon-CUrl-CSendEmail-CNologon-,BNCUCSCN
CUrl-CSendEmail-CNologon-Blogon-,CUCSCNBl
CSendEmail-CNologon-Blogon-BUrl-,CSCNBlBU
CNologon-Blogon-BUrl-CUrl-,CNBlBUCU
Blogon-BUrl-CUrl-CSendEmail-,BlBUCUCS
BUrl-CUrl-CSendEmail-CUrl-,BUCUCSCU
CUrl-CSendEmail-CUrl-CNologon-,CUCSCUCN
CSendEmail-CUrl-CNologon-Blogon-,CSCUCNBl
CUrl-CNologon-Blogon-Blogon-,CUCNBlBl
CNologon-Blogon-Blogon-BNologon-,CNBlBlBN
Blogon-Blogon-BNologon-BUrl-,BlBlBNBU
Blogon-BNologon-BUrl-CUrl-,BlBNBUCU
BNologon-BUrl-CUrl-CSendEmail-,BNBUCUCS
BUrl-CUrl-CSendEmail-CUrl-,BUCUCSCU
CUrl-CSendEmail-CUrl-CNologon-,CUCSCUCN
CSendEmail-CUrl-CNologon-Blogon-,CSCUCNBl
CUrl-CNologon-Blogon-BUrl-,CUCNBlBU
CNologon-Blogon-BUrl-BSendEmail-,CNBlBUBS
Blogon-BUrl-BSendEmail-BUrl-,BlBUBSBU
BUrl-BSendEmail-BUrl-Blogon-,BUBSBUBl
BSendEmail-BUrl-Blogon-BNologon-,BSBUBlBN
BUrl-Blogon-BNologon-CUrl-,BUBlBNCU
Blogon-BNologon-CUrl-CNologon-,BlBNCUCN
BNologon-CUrl-CNologon-Blogon-,BNCUCNBl
CUrl-CNologon-Blogon-BUrl-,CUCNBlBU
CNologon-Blogon-BUrl-BSendEmail-,CNBlBUBS
Blogon-BUrl-BSendEmail-BUrl-,BlBUBSBU
BUrl-BSendEmail-BUrl-CUrl-,BUBSBUCU
BSendEmail-BUrl-CUrl-CNologon-,BSBUCUCN
BUrl-CUrl-CNologon-Blogon-,BUCUCNBl
CUrl-CNologon-Blogon-BUrl-,CUCNBlBU
CNologon-Blogon-BUrl-BSendEmail-,CNBlBUBS
Blogon-BUrl-BSendEmail-BUrl-,BlBUBSBU
BUrl-BSendEmail-BUrl-CUrl-,BUBSBUCU
BSendEmail-BUrl-CUrl-CNologon-,BSBUCUCN
BUrl-CUrl-CNologon-Blogon-,BUCUCNBl
CUrl-CNologon-Blogon-BUrl-,CUCNBlBU
CNologon-Blogon-BUrl-CUrl-,CNBlBUCU
Blogon-BUrl-CUrl-CSendEmail-,BlBUCUCS
BUrl-CUrl-CSendEmail-CUrl-,BUCUCSCU
CUrl-CSendEmail-CUrl-CNologon-,CUCSCUCN
CSendEmail-CUrl-CNologon-Blogon-,CSCUCNBl
CUrl-CNologon-Blogon-BUrl-,CUCNBlBU
CNologon-Blogon-BUrl-CUrl-,CNBlBUCU
Blogon-BUrl-CUrl-CSendEmail-,BlBUCUCS
BUrl-CUrl-CSendEmail-Clogon-,BUCUCSCl
CUrl-CSendEmail-Clogon-CNologon-,CUCSClCN
CSendEmail-Clogon-CNologon-CUrl-,CSClCNCU
Clogon-CNologon-CUrl-CNologon-,ClCNCUCN
CNologon-CUrl-CNologon-Blogon-,CNCUCNBl
CUrl-CNologon-Blogon-BUrl-,CUCNBlBU
CNologon-Blogon-BUrl-Blogon-,CNBlBUBl
Blogon-BUrl-Blogon-BNologon-,BlBUBlBN
BUrl-Blogon-BNologon-BSendEmail-,BUBlBNBS
Blogon-BNologon-BSendEmail-BUrl-,BlBNBSBU
BNologon-BSendEmail-BUrl-CUrl-,BNBSBUCU
BSendEmail-BUrl-CUrl-CNologon-,BSBUCUCN
BUrl-CUrl-CNologon-Blogon-,BUCUCNBl
CUrl-CNologon-Blogon-BUrl-,CUCNBlBU
CNologon-Blogon-BUrl-BSendEmail-,CNBlBUBS
Blogon-BUrl-BSendEmail-BUrl-,BlBUBSBU
BUrl-BSendEmail-BUrl-CUrl-,BUBSBUCU
BSendEmail-BUrl-CUrl-CNologon-,BSBUCUCN
BUrl-CUrl-CNologon-Blogon-,BUCUCNBl
CUrl-CNologon-Blogon-BSendEmail-,CUCNBlBS
CNologon-Blogon-BSendEmail-BUrl-,CNBlBSBU
Blogon-BSendEmail-BUrl-CUrl-,BlBSBUCU
BSendEmail-BUrl-CUrl-CNologon-,BSBUCUCN
BUrl-CUrl-CNologon-Blogon-,BUCUCNBl
CUrl-CNologon-Blogon-BUrl-,CUCNBlBU
CNologon-Blogon-BUrl-BSendEmail-,CNBlBUBS
Blogon-BUrl-BSendEmail-BUrl-,BlBUBSBU
BUrl-BSendEmail-BUrl-CUrl-,BUBSBUCU
BSendEmail-BUrl-CUrl-CNologon-,BSBUCUCN
BUrl-CUrl-CNologon-Blogon-,BUCUCNBl
CUrl-CNologon-Blogon-BUrl-,CUCNBlBU
CNologon-Blogon-BUrl-BSendEmail-,CNBlBUBS
Blogon-BUrl-BSendEmail-BUrl-,BlBUBSBU
BUrl-BSendEmail-BUrl-CUrl-,BUBSBUCU
BSendEmail-BUrl-CUrl-CNologon-,BSBUCUCN
BUrl-CUrl-CNologon-Blogon-,BUCUCNBl
CUrl-CNologon-Blogon-BUrl-,CUCNBlBU
CNologon-Blogon-BUrl-CUrl-,CNBlBUCU
Blogon-BUrl-CUrl-CSendEmail-,BlBUCUCS
BUrl-CUrl-CSendEmail-CUrl-,BUCUCSCU
CUrl-CSendEmail-CUrl-CNologon-,CUCSCUCN
CSendEmail-CUrl-CNologon-Blogon-,CSCUCNBl
CUrl-CNologon-Blogon-BUrl-,CUCNBlBU
CNologon-Blogon-BUrl-Blogon-,CNBlBUBl
Blogon-BUrl-Blogon-BNologon-,BlBUBlBN
BUrl-Blogon-BNologon-BUrl-,BUBlBNBU
Blogon-BNologon-BUrl-CUrl-,BlBNBUCU
BNologon-BUrl-CUrl-CSendEmail-,BNBUCUCS
BUrl-CUrl-CSendEmail-CNologon-,BUCUCSCN
CUrl-CSendEmail-CNologon-Blogon-,CUCSCNBl
CSendEmail-CNologon-Blogon-BUrl-,CSCNBlBU
CNologon-Blogon-BUrl-CUrl-,CNBlBUCU
Blogon-BUrl-CUrl-CNologon-,BlBUCUCN
BUrl-CUrl-CNologon-Blogon-,BUCUCNBl
CUrl-CNologon-Blogon-BUrl-,CUCNBlBU
CNologon-Blogon-BUrl-BSendEmail-,CNBlBUBS
Blogon-BUrl-BSendEmail-CUrl-,BlBUBSCU
BUrl-BSendEmail-CUrl-CNologon-,BUBSCUCN
BSendEmail-CUrl-CNologon-Blogon-,BSCUCNBl
CUrl-CNologon-Blogon-BUrl-,CUCNBlBU
CNologon-Blogon-BUrl-CUrl-,CNBlBUCU
Blogon-BUrl-CUrl-CSendEmail-,BlBUCUCS
BUrl-CUrl-CSendEmail-CUrl-,BUCUCSCU
CUrl-CSendEmail-CUrl-CNologon-,CUCSCUCN
CSendEmail-CUrl-CNologon-Blogon-,CSCUCNBl
CUrl-CNologon-Blogon-BUrl-,CUCNBlBU
CNologon-Blogon-BUrl-BSendEmail-,CNBlBUBS
Blogon-BUrl-BSendEmail-BUrl-,BlBUBSBU
BUrl-BSendEmail-BUrl-CUrl-,BUBSBUCU
BSendEmail-BUrl-CUrl-CNologon-,BSBUCUCN
BUrl-CUrl-CNologon-Blogon-,BUCUCNBl
CUrl-CNologon-Blogon-BUrl-,CUCNBlBU
CNologon-Blogon-BUrl-CSendEmail-,CNBlBUCS
Blogon-BUrl-CSendEmail-CUrl-,BlBUCSCU
BUrl-CSendEmail-CUrl-CNologon-,BUCSCUCN
CSendEmail-CUrl-CNologon-Blogon-,CSCUCNBl
CUrl-CNologon-Blogon-BUrl-,CUCNBlBU
CNologon-Blogon-BUrl-CUrl-,CNBlBUCU
Blogon-BUrl-CUrl-CSendEmail-,BlBUCUCS
BUrl-CUrl-CSendEmail-CUrl-,BUCUCSCU
CUrl-CSendEmail-CUrl-CNologon-,CUCSCUCN
CSendEmail-CUrl-CNologon-Blogon-,CSCUCNBl
CUrl-CNologon-Blogon-BSendEmail-,CUCNBlBS
CNologon-Blogon-BSendEmail-BUrl-,CNBlBSBU
Blogon-BSendEmail-BUrl-CUrl-,BlBSBUCU
BSendEmail-BUrl-CUrl-CNologon-,BSBUCUCN
BUrl-CUrl-CNologon-Blogon-,BUCUCNBl
CUrl-CNologon-Blogon-BUrl-,CUCNBlBU
CNologon-Blogon-BUrl-CUrl-,CNBlBUCU
Blogon-BUrl-CUrl-CSendEmail-,BlBUCUCS
BUrl-CUrl-CSendEmail-CUrl-,BUCUCSCU
CUrl-CSendEmail-CUrl-CNologon-,CUCSCUCN
CSendEmail-CUrl-CNologon-Blogon-,CSCUCNBl
CUrl-CNologon-Blogon-BUrl-,CUCNBlBU
CNologon-Blogon-BUrl-CUrl-,CNBlBUCU
Blogon-BUrl-CUrl-CSendEmail-,BlBUCUCS
BUrl-CUrl-CSendEmail-CUrl-,BUCUCSCU
CUrl-CSendEmail-CUrl-CNologon-,CUCSCUCN
CSendEmail-CUrl-CNologon-Blogon-,CSCUCNBl
CUrl-CNologon-Blogon-BUrl-,CUCNBlBU
CNologon-Blogon-BUrl-Clogon-,CNBlBUCl
Blogon-BUrl-Clogon-CNologon-,BlBUClCN
BUrl-Clogon-CNologon-CUrl-,BUClCNCU
Clogon-CNologon-CUrl-CNologon-,ClCNCUCN
CNologon-CUrl-CNologon-Blogon-,CNCUCNBl
CUrl-CNologon-Blogon-BUrl-,CUCNBlBU
CNologon-Blogon-BUrl-BSendEmail-,CNBlBUBS
Blogon-BUrl-BSendEmail-BUrl-,BlBUBSBU
BUrl-BSendEmail-BUrl-CUrl-,BUBSBUCU
BSendEmail-BUrl-CUrl-CNologon-,BSBUCUCN
BUrl-CUrl-CNologon-Blogon-,BUCUCNBl
CUrl-CNologon-Blogon-BSendEmail-,CUCNBlBS
CNologon-Blogon-BSendEmail-BUrl-,CNBlBSBU
Blogon-BSendEmail-BUrl-CUrl-,BlBSBUCU
BSendEmail-BUrl-CUrl-CNologon-,BSBUCUCN
BUrl-CUrl-CNologon-Blogon-,BUCUCNBl
CUrl-CNologon-Blogon-BUrl-,CUCNBlBU
CNologon-Blogon-BUrl-CUrl-,CNBlBUCU
Blogon-BUrl-CUrl-CSendEmail-,BlBUCUCS
BUrl-CUrl-CSendEmail-CNologon-,BUCUCSCN
CUrl-CSendEmail-CNologon-Blogon-,CUCSCNBl
CSendEmail-CNologon-Blogon-BUrl-,CSCNBlBU
CNologon-Blogon-BUrl-CSendEmail-,CNBlBUCS
Blogon-BUrl-CSendEmail-CUrl-,BlBUCSCU
BUrl-CSendEmail-CUrl-CNologon-,BUCSCUCN
CSendEmail-CUrl-CNologon-Blogon-,CSCUCNBl
CUrl-CNologon-Blogon-BSendEmail-,CUCNBlBS
CNologon-Blogon-BSendEmail-BUrl-,CNBlBSBU
Blogon-BSendEmail-BUrl-CUrl-,BlBSBUCU
BSendEmail-BUrl-CUrl-CNologon-,BSBUCUCN
BUrl-CUrl-CNologon-Blogon-,BUCUCNBl
CUrl-CNologon-Blogon-BUrl-,CUCNBlBU
CNologon-Blogon-BUrl-Blogon-,CNBlBUBl
Blogon-BUrl-Blogon-BNologon-,BlBUBlBN
BUrl-Blogon-BNologon-BUrl-,BUBlBNBU
Blogon-BNologon-BUrl-BSendEmail-,BlBNBUBS
BNologon-BUrl-BSendEmail-BUrl-,BNBUBSBU
BUrl-BSendEmail-BUrl-CUrl-,BUBSBUCU
BSendEmail-BUrl-CUrl-CNologon-,BSBUCUCN
BUrl-CUrl-CNologon-Blogon-,BUCUCNBl
CUrl-CNologon-Blogon-BUrl-,CUCNBlBU
CNologon-Blogon-BUrl-BSendEmail-,CNBlBUBS
Blogon-BUrl-BSendEmail-BUrl-,BlBUBSBU
BUrl-BSendEmail-BUrl-CUrl-,BUBSBUCU
BSendEmail-BUrl-CUrl-CNologon-,BSBUCUCN
BUrl-CUrl-CNologon-Blogon-,BUCUCNBl
CUrl-CNologon-Blogon-BSendEmail-,CUCNBlBS
CNologon-Blogon-BSendEmail-BUrl-,CNBlBSBU
Blogon-BSendEmail-BUrl-CUrl-,BlBSBUCU
BSendEmail-BUrl-CUrl-CNologon-,BSBUCUCN
BUrl-CUrl-CNologon-Blogon-,BUCUCNBl
CUrl-CNologon-Blogon-BUrl-,CUCNBlBU
CNologon-Blogon-BUrl-CUrl-,CNBlBUCU
Blogon-BUrl-CUrl-CSendEmail-,BlBUCUCS
BUrl-CUrl-CSendEmail-CUrl-,BUCUCSCU
CUrl-CSendEmail-CUrl-CNologon-,CUCSCUCN
CSendEmail-CUrl-CNologon-Blogon-,CSCUCNBl
CUrl-CNologon-Blogon-BUrl-,CUCNBlBU
CNologon-Blogon-BUrl-BSendEmail-,CNBlBUBS
Blogon-BUrl-BSendEmail-CUrl-,BlBUBSCU
BUrl-BSendEmail-CUrl-CNologon-,BUBSCUCN
BSendEmail-CUrl-CNologon-Blogon-,BSCUCNBl
CUrl-CNologon-Blogon-BUrl-,CUCNBlBU
CNologon-Blogon-BUrl-BSendEmail-,CNBlBUBS
Blogon-BUrl-BSendEmail-BUrl-,BlBUBSBU
BUrl-BSendEmail-BUrl-CUrl-,BUBSBUCU
BSendEmail-BUrl-CUrl-CNologon-,BSBUCUCN
BUrl-CUrl-CNologon-Blogon-,BUCUCNBl
CUrl-CNologon-Blogon-BUrl-,CUCNBlBU
CNologon-Blogon-BUrl-BSendEmail-,CNBlBUBS
Blogon-BUrl-BSendEmail-BUrl-,BlBUBSBU
BUrl-BSendEmail-BUrl-CUrl-,BUBSBUCU
BSendEmail-BUrl-CUrl-Clogon-,BSBUCUCl
BUrl-CUrl-Clogon-CNologon-,BUCUClCN
CUrl-Clogon-CNologon-CUrl-,CUClCNCU
Clogon-CNologon-CUrl-CNologon-,ClCNCUCN
CNologon-CUrl-CNologon-Blogon-,CNCUCNBl
CUrl-CNologon-Blogon-BUrl-,CUCNBlBU
CNologon-Blogon-BUrl-BSendEmail-,CNBlBUBS
Blogon-BUrl-BSendEmail-BUrl-,BlBUBSBU
BUrl-BSendEmail-BUrl-CUrl-,BUBSBUCU
BSendEmail-BUrl-CUrl-Clogon-,BSBUCUCl
BUrl-CUrl-Clogon-CNologon-,BUCUClCN
CUrl-Clogon-CNologon-CUrl-,CUClCNCU
Clogon-CNologon-CUrl-CNologon-,ClCNCUCN
CNologon-CUrl-CNologon-Blogon-,CNCUCNBl
CUrl-CNologon-Blogon-BSendEmail-,CUCNBlBS
CNologon-Blogon-BSendEmail-BUrl-,CNBlBSBU
Blogon-BSendEmail-BUrl-CUrl-,BlBSBUCU
BSendEmail-BUrl-CUrl-CNologon-,BSBUCUCN
BUrl-CUrl-CNologon-Blogon-,BUCUCNBl
CUrl-CNologon-Blogon-BUrl-,CUCNBlBU
CNologon-Blogon-BUrl-Blogon-,CNBlBUBl
Blogon-BUrl-Blogon-BUrl-,BlBUBlBU
BUrl-Blogon-BUrl-BNologon-,BUBlBUBN
Blogon-BUrl-BNologon-CUrl-,BlBUBNCU
BUrl-BNologon-CUrl-CSendEmail-,BUBNCUCS
BNologon-CUrl-CSendEmail-CUrl-,BNCUCSCU
CUrl-CSendEmail-CUrl-CNologon-,CUCSCUCN
CSendEmail-CUrl-CNologon-Blogon-,CSCUCNBl
CUrl-CNologon-Blogon-BUrl-,CUCNBlBU
CNologon-Blogon-BUrl-BSendEmail-,CNBlBUBS
Blogon-BUrl-BSendEmail-BUrl-,BlBUBSBU
BUrl-BSendEmail-BUrl-CUrl-,BUBSBUCU
BSendEmail-BUrl-CUrl-CNologon-,BSBUCUCN
BUrl-CUrl-CNologon-Blogon-,BUCUCNBl
CUrl-CNologon-Blogon-BUrl-,CUCNBlBU
CNologon-Blogon-BUrl-CUrl-,CNBlBUCU
Blogon-BUrl-CUrl-CSendEmail-,BlBUCUCS
BUrl-CUrl-CSendEmail-CUrl-,BUCUCSCU
CUrl-CSendEmail-CUrl-CNologon-,CUCSCUCN
CSendEmail-CUrl-CNologon-Blogon-,CSCUCNBl
CUrl-CNologon-Blogon-BUrl-,CUCNBlBU
CNologon-Blogon-BUrl-BSendEmail-,CNBlBUBS
Blogon-BUrl-BSendEmail-BUrl-,BlBUBSBU
BUrl-BSendEmail-BUrl-CUrl-,BUBSBUCU
BSendEmail-BUrl-CUrl-CNologon-,BSBUCUCN
BUrl-CUrl-CNologon-Blogon-,BUCUCNBl
CUrl-CNologon-Blogon-BUrl-,CUCNBlBU
CNologon-Blogon-BUrl-CUrl-,CNBlBUCU
Blogon-BUrl-CUrl-CSendEmail-,BlBUCUCS
BUrl-CUrl-CSendEmail-CUrl-,BUCUCSCU
CUrl-CSendEmail-CUrl-CNologon-,CUCSCUCN
CSendEmail-CUrl-CNologon-Blogon-,CSCUCNBl
CUrl-CNologon-Blogon-BUrl-,CUCNBlBU
CNologon-Blogon-BUrl-CUrl-,CNBlBUCU
Blogon-BUrl-CUrl-CSendEmail-,BlBUCUCS
BUrl-CUrl-CSendEmail-CUrl-,BUCUCSCU
CUrl-CSendEmail-CUrl-CNologon-,CUCSCUCN
CSendEmail-CUrl-CNologon-Blogon-,CSCUCNBl
CUrl-CNologon-Blogon-Blogon-,CUCNBlBl
CNologon-Blogon-Blogon-BUrl-,CNBlBlBU
Blogon-Blogon-BUrl-BNologon-,BlBlBUBN
Blogon-BUrl-BNologon-BUrl-,BlBUBNBU
BUrl-BNologon-BUrl-CUrl-,BUBNBUCU
BNologon-BUrl-CUrl-CSendEmail-,BNBUCUCS
BUrl-CUrl-CSendEmail-CNologon-,BUCUCSCN
CUrl-CSendEmail-CNologon-Blogon-,CUCSCNBl
CSendEmail-CNologon-Blogon-BUrl-,CSCNBlBU
CNologon-Blogon-BUrl-CSendEmail-,CNBlBUCS
Blogon-BUrl-CSendEmail-CUrl-,BlBUCSCU
BUrl-CSendEmail-CUrl-CNologon-,BUCSCUCN
CSendEmail-CUrl-CNologon-Blogon-,CSCUCNBl
CUrl-CNologon-Blogon-BUrl-,CUCNBlBU
CNologon-Blogon-BUrl-BSendEmail-,CNBlBUBS
Blogon-BUrl-BSendEmail-BUrl-,BlBUBSBU
BUrl-BSendEmail-BUrl-CUrl-,BUBSBUCU
BSendEmail-BUrl-CUrl-CNologon-,BSBUCUCN
BUrl-CUrl-CNologon-Blogon-,BUCUCNBl
CUrl-CNologon-Blogon-BUrl-,CUCNBlBU
CNologon-Blogon-BUrl-CSendEmail-,CNBlBUCS
Blogon-BUrl-CSendEmail-CUrl-,BlBUCSCU
BUrl-CSendEmail-CUrl-CNologon-,BUCSCUCN
CSendEmail-CUrl-CNologon-Blogon-,CSCUCNBl
CUrl-CNologon-Blogon-BUrl-,CUCNBlBU
CNologon-Blogon-BUrl-BSendEmail-,CNBlBUBS
Blogon-BUrl-BSendEmail-CUrl-,BlBUBSCU
BUrl-BSendEmail-CUrl-CNologon-,BUBSCUCN
BSendEmail-CUrl-CNologon-Blogon-,BSCUCNBl
CUrl-CNologon-Blogon-BUrl-,CUCNBlBU
CNologon-Blogon-BUrl-BSendEmail-,CNBlBUBS
Blogon-BUrl-BSendEmail-BUrl-,BlBUBSBU
BUrl-BSendEmail-BUrl-CUrl-,BUBSBUCU
BSendEmail-BUrl-CUrl-CNologon-,BSBUCUCN
BUrl-CUrl-CNologon-Blogon-,BUCUCNBl
CUrl-CNologon-Blogon-BUrl-,CUCNBlBU
CNologon-Blogon-BUrl-CUrl-,CNBlBUCU
Blogon-BUrl-CUrl-CSendEmail-,BlBUCUCS
BUrl-CUrl-CSendEmail-CNologon-,BUCUCSCN
CUrl-CSendEmail-CNologon-Blogon-,CUCSCNBl
CSendEmail-CNologon-Blogon-BUrl-,CSCNBlBU
CNologon-Blogon-BUrl-BSendEmail-,CNBlBUBS
Blogon-BUrl-BSendEmail-BUrl-,BlBUBSBU
BUrl-BSendEmail-BUrl-CUrl-,BUBSBUCU
BSendEmail-BUrl-CUrl-CNologon-,BSBUCUCN
BUrl-CUrl-CNologon-Blogon-,BUCUCNBl
CUrl-CNologon-Blogon-BUrl-,CUCNBlBU
CNologon-Blogon-BUrl-BSendEmail-,CNBlBUBS
Blogon-BUrl-BSendEmail-Blogon-,BlBUBSBl
BUrl-BSendEmail-Blogon-BNologon-,BUBSBlBN
BSendEmail-Blogon-BNologon-CUrl-,BSBlBNCU
Blogon-BNologon-CUrl-CNologon-,BlBNCUCN
BNologon-CUrl-CNologon-Blogon-,BNCUCNBl
CUrl-CNologon-Blogon-BUrl-,CUCNBlBU
CNologon-Blogon-BUrl-BSendEmail-,CNBlBUBS
Blogon-BUrl-BSendEmail-CUrl-,BlBUBSCU
BUrl-BSendEmail-CUrl-CNologon-,BUBSCUCN
BSendEmail-CUrl-CNologon-Blogon-,BSCUCNBl
CUrl-CNologon-Blogon-BUrl-,CUCNBlBU
CNologon-Blogon-BUrl-BSendEmail-,CNBlBUBS
Blogon-BUrl-BSendEmail-BUrl-,BlBUBSBU
BUrl-BSendEmail-BUrl-CUrl-,BUBSBUCU
BSendEmail-BUrl-CUrl-CNologon-,BSBUCUCN
BUrl-CUrl-CNologon-Blogon-,BUCUCNBl
CUrl-CNologon-Blogon-BUrl-,CUCNBlBU
CNologon-Blogon-BUrl-CUrl-,CNBlBUCU
Blogon-BUrl-CUrl-CSendEmail-,BlBUCUCS
BUrl-CUrl-CSendEmail-CUrl-,BUCUCSCU
CUrl-CSendEmail-CUrl-CNologon-,CUCSCUCN
CSendEmail-CUrl-CNologon-Blogon-,CSCUCNBl
CUrl-CNologon-Blogon-BUrl-,CUCNBlBU
CNologon-Blogon-BUrl-CUrl-,CNBlBUCU
Blogon-BUrl-CUrl-CSendEmail-,BlBUCUCS
BUrl-CUrl-CSendEmail-CUrl-,BUCUCSCU
CUrl-CSendEmail-CUrl-CNologon-,CUCSCUCN
CSendEmail-CUrl-CNologon-Blogon-,CSCUCNBl
CUrl-CNologon-Blogon-BUrl-,CUCNBlBU
CNologon-Blogon-BUrl-CUrl-,CNBlBUCU
Blogon-BUrl-CUrl-CSendEmail-,BlBUCUCS
BUrl-CUrl-CSendEmail-CUrl-,BUCUCSCU
CUrl-CSendEmail-CUrl-CNologon-,CUCSCUCN
CSendEmail-CUrl-CNologon-Blogon-,CSCUCNBl
CUrl-CNologon-Blogon-BUrl-,CUCNBlBU
CNologon-Blogon-BUrl-BSendEmail-,CNBlBUBS
Blogon-BUrl-BSendEmail-BUrl-,BlBUBSBU
BUrl-BSendEmail-BUrl-CUrl-,BUBSBUCU
BSendEmail-BUrl-CUrl-Clogon-,BSBUCUCl
BUrl-CUrl-Clogon-CNologon-,BUCUClCN
CUrl-Clogon-CNologon-CNologon-,CUClCNCN
Clogon-CNologon-CNologon-Blogon-,ClCNCNBl
CNologon-CNologon-Blogon-BUrl-,CNCNBlBU
CNologon-Blogon-BUrl-CUrl-,CNBlBUCU
Blogon-BUrl-CUrl-CSendEmail-,BlBUCUCS
BUrl-CUrl-CSendEmail-CUrl-,BUCUCSCU
CUrl-CSendEmail-CUrl-CNologon-,CUCSCUCN
CSendEmail-CUrl-CNologon-Blogon-,CSCUCNBl
CUrl-CNologon-Blogon-BUrl-,CUCNBlBU
CNologon-Blogon-BUrl-CUrl-,CNBlBUCU
Blogon-BUrl-CUrl-Clogon-,BlBUCUCl
BUrl-CUrl-Clogon-CNologon-,BUCUClCN
CUrl-Clogon-CNologon-CUrl-,CUClCNCU
Clogon-CNologon-CUrl-CSendEmail-,ClCNCUCS
CNologon-CUrl-CSendEmail-CNologon-,CNCUCSCN
CUrl-CSendEmail-CNologon-Blogon-,CUCSCNBl
CSendEmail-CNologon-Blogon-BUrl-,CSCNBlBU
CNologon-Blogon-BUrl-BSendEmail-,CNBlBUBS
Blogon-BUrl-BSendEmail-BUrl-,BlBUBSBU
BUrl-BSendEmail-BUrl-CUrl-,BUBSBUCU
BSendEmail-BUrl-CUrl-CNologon-,BSBUCUCN
BUrl-CUrl-CNologon-Blogon-,BUCUCNBl
CUrl-CNologon-Blogon-BUrl-,CUCNBlBU
CNologon-Blogon-BUrl-CSendEmail-,CNBlBUCS
Blogon-BUrl-CSendEmail-CUrl-,BlBUCSCU
BUrl-CSendEmail-CUrl-CNologon-,BUCSCUCN
CSendEmail-CUrl-CNologon-Blogon-,CSCUCNBl
CUrl-CNologon-Blogon-BUrl-,CUCNBlBU
CNologon-Blogon-BUrl-BSendEmail-,CNBlBUBS
Blogon-BUrl-BSendEmail-BUrl-,BlBUBSBU
BUrl-BSendEmail-BUrl-CUrl-,BUBSBUCU
BSendEmail-BUrl-CUrl-CNologon-,BSBUCUCN
BUrl-CUrl-CNologon-Blogon-,BUCUCNBl
CUrl-CNologon-Blogon-BUrl-,CUCNBlBU
CNologon-Blogon-BUrl-CUrl-,CNBlBUCU
Blogon-BUrl-CUrl-CSendEmail-,BlBUCUCS
BUrl-CUrl-CSendEmail-CUrl-,BUCUCSCU
CUrl-CSendEmail-CUrl-CNologon-,CUCSCUCN
CSendEmail-CUrl-CNologon-Blogon-,CSCUCNBl
CUrl-CNologon-Blogon-BUrl-,CUCNBlBU
CNologon-Blogon-BUrl-BSendEmail-,CNBlBUBS
Blogon-BUrl-BSendEmail-CUrl-,BlBUBSCU
BUrl-BSendEmail-CUrl-CNologon-,BUBSCUCN
BSendEmail-CUrl-CNologon-Blogon-,BSCUCNBl
CUrl-CNologon-Blogon-BUrl-,CUCNBlBU
CNologon-Blogon-BUrl-Clogon-,CNBlBUCl
Blogon-BUrl-Clogon-CNologon-,BlBUClCN
BUrl-Clogon-CNologon-CSendEmail-,BUClCNCS
Clogon-CNologon-CSendEmail-CUrl-,ClCNCSCU
CNologon-CSendEmail-CUrl-CNologon-,CNCSCUCN
CSendEmail-CUrl-CNologon-Blogon-,CSCUCNBl
CUrl-CNologon-Blogon-BUrl-,CUCNBlBU
CNologon-Blogon-BUrl-BSendEmail-,CNBlBUBS
Blogon-BUrl-BSendEmail-BUrl-,BlBUBSBU
BUrl-BSendEmail-BUrl-CUrl-,BUBSBUCU
BSendEmail-BUrl-CUrl-CNologon-,BSBUCUCN
BUrl-CUrl-CNologon-Blogon-,BUCUCNBl
CUrl-CNologon-Blogon-BUrl-,CUCNBlBU
CNologon-Blogon-BUrl-CSendEmail-,CNBlBUCS
Blogon-BUrl-CSendEmail-CUrl-,BlBUCSCU
BUrl-CSendEmail-CUrl-CNologon-,BUCSCUCN
CSendEmail-CUrl-CNologon-Blogon-,CSCUCNBl
CUrl-CNologon-Blogon-BUrl-,CUCNBlBU
CNologon-Blogon-BUrl-BSendEmail-,CNBlBUBS
Blogon-BUrl-BSendEmail-BUrl-,BlBUBSBU
BUrl-BSendEmail-BUrl-CUrl-,BUBSBUCU
BSendEmail-BUrl-CUrl-CNologon-,BSBUCUCN
BUrl-CUrl-CNologon-Blogon-,BUCUCNBl
CUrl-CNologon-Blogon-BUrl-,CUCNBlBU
CNologon-Blogon-BUrl-BSendEmail-,CNBlBUBS
Blogon-BUrl-BSendEmail-BUrl-,BlBUBSBU
BUrl-BSendEmail-BUrl-CUrl-,BUBSBUCU
BSendEmail-BUrl-CUrl-CNologon-,BSBUCUCN
BUrl-CUrl-CNologon-Blogon-,BUCUCNBl
CUrl-CNologon-Blogon-BSendEmail-,CUCNBlBS
CNologon-Blogon-BSendEmail-BUrl-,CNBlBSBU
Blogon-BSendEmail-BUrl-CUrl-,BlBSBUCU
BSendEmail-BUrl-CUrl-CNologon-,BSBUCUCN
BUrl-CUrl-CNologon-Blogon-,BUCUCNBl
CUrl-CNologon-Blogon-BUrl-,CUCNBlBU
CNologon-Blogon-BUrl-BSendEmail-,CNBlBUBS
Blogon-BUrl-BSendEmail-BUrl-,BlBUBSBU
BUrl-BSendEmail-BUrl-CUrl-,BUBSBUCU
BSendEmail-BUrl-CUrl-CNologon-,BSBUCUCN
BUrl-CUrl-CNologon-Blogon-,BUCUCNBl
CUrl-CNologon-Blogon-BUrl-,CUCNBlBU
CNologon-Blogon-BUrl-CUrl-,CNBlBUCU
Blogon-BUrl-CUrl-CSendEmail-,BlBUCUCS
BUrl-CUrl-CSendEmail-CNologon-,BUCUCSCN
CUrl-CSendEmail-CNologon-Blogon-,CUCSCNBl
CSendEmail-CNologon-Blogon-BSendEmail-,CSCNBlBS
CNologon-Blogon-BSendEmail-BUrl-,CNBlBSBU
Blogon-BSendEmail-BUrl-CUrl-,BlBSBUCU
BSendEmail-BUrl-CUrl-CNologon-,BSBUCUCN
BUrl-CUrl-CNologon-Blogon-,BUCUCNBl
CUrl-CNologon-Blogon-BUrl-,CUCNBlBU
CNologon-Blogon-BUrl-BSendEmail-,CNBlBUBS
Blogon-BUrl-BSendEmail-BUrl-,BlBUBSBU
BUrl-BSendEmail-BUrl-CUrl-,BUBSBUCU
BSendEmail-BUrl-CUrl-Clogon-,BSBUCUCl
BUrl-CUrl-Clogon-CNologon-,BUCUClCN
CUrl-Clogon-CNologon-CUrl-,CUClCNCU
Clogon-CNologon-CUrl-CNologon-,ClCNCUCN
CNologon-CUrl-CNologon-Blogon-,CNCUCNBl
CUrl-CNologon-Blogon-BUrl-,CUCNBlBU
CNologon-Blogon-BUrl-BSendEmail-,CNBlBUBS
Blogon-BUrl-BSendEmail-BUrl-,BlBUBSBU
BUrl-BSendEmail-BUrl-CUrl-,BUBSBUCU
BSendEmail-BUrl-CUrl-CNologon-,BSBUCUCN
BUrl-CUrl-CNologon-Blogon-,BUCUCNBl
CUrl-CNologon-Blogon-BSendEmail-,CUCNBlBS
CNologon-Blogon-BSendEmail-BUrl-,CNBlBSBU
Blogon-BSendEmail-BUrl-CUrl-,BlBSBUCU
BSendEmail-BUrl-CUrl-CNologon-,BSBUCUCN
BUrl-CUrl-CNologon-Blogon-,BUCUCNBl
CUrl-CNologon-Blogon-BUrl-,CUCNBlBU
CNologon-Blogon-BUrl-BSendEmail-,CNBlBUBS
Blogon-BUrl-BSendEmail-BUrl-,BlBUBSBU
BUrl-BSendEmail-BUrl-Blogon-,BUBSBUBl
BSendEmail-BUrl-Blogon-BUrl-,BSBUBlBU
BUrl-Blogon-BUrl-BNologon-,BUBlBUBN
Blogon-BUrl-BNologon-CUrl-,BlBUBNCU
BUrl-BNologon-CUrl-CNologon-,BUBNCUCN
BNologon-CUrl-CNologon-Blogon-,BNCUCNBl
CUrl-CNologon-Blogon-BUrl-,CUCNBlBU
CNologon-Blogon-BUrl-BSendEmail-,CNBlBUBS
Blogon-BUrl-BSendEmail-BUrl-,BlBUBSBU
BUrl-BSendEmail-BUrl-CUrl-,BUBSBUCU
BSendEmail-BUrl-CUrl-Clogon-,BSBUCUCl
BUrl-CUrl-Clogon-CNologon-,BUCUClCN
CUrl-Clogon-CNologon-CUrl-,CUClCNCU
Clogon-CNologon-CUrl-CNologon-,ClCNCUCN
CNologon-CUrl-CNologon-Blogon-,CNCUCNBl
CUrl-CNologon-Blogon-BUrl-,CUCNBlBU
CNologon-Blogon-BUrl-BSendEmail-,CNBlBUBS
Blogon-BUrl-BSendEmail-BUrl-,BlBUBSBU
BUrl-BSendEmail-BUrl-CUrl-,BUBSBUCU
BSendEmail-BUrl-CUrl-CNologon-,BSBUCUCN
BUrl-CUrl-CNologon-Blogon-,BUCUCNBl
CUrl-CNologon-Blogon-BUrl-,CUCNBlBU
CNologon-Blogon-BUrl-BSendEmail-,CNBlBUBS
Blogon-BUrl-BSendEmail-BUrl-,BlBUBSBU
BUrl-BSendEmail-BUrl-CUrl-,BUBSBUCU
BSendEmail-BUrl-CUrl-Clogon-,BSBUCUCl
BUrl-CUrl-Clogon-CNologon-,BUCUClCN
CUrl-Clogon-CNologon-CUrl-,CUClCNCU
Clogon-CNologon-CUrl-CNologon-,ClCNCUCN
CNologon-CUrl-CNologon-Blogon-,CNCUCNBl
CUrl-CNologon-Blogon-BUrl-,CUCNBlBU
CNologon-Blogon-BUrl-CUrl-,CNBlBUCU
Blogon-BUrl-CUrl-CSendEmail-,BlBUCUCS
BUrl-CUrl-CSendEmail-CUrl-,BUCUCSCU
CUrl-CSendEmail-CUrl-CNologon-,CUCSCUCN
CSendEmail-CUrl-CNologon-Blogon-,CSCUCNBl
CUrl-CNologon-Blogon-BUrl-,CUCNBlBU
CNologon-Blogon-BUrl-CUrl-,CNBlBUCU
Blogon-BUrl-CUrl-CSendEmail-,BlBUCUCS
BUrl-CUrl-CSendEmail-CUrl-,BUCUCSCU
CUrl-CSendEmail-CUrl-CNologon-,CUCSCUCN
CSendEmail-CUrl-CNologon-Blogon-,CSCUCNBl
CUrl-CNologon-Blogon-BUrl-,CUCNBlBU
CNologon-Blogon-BUrl-BSendEmail-,CNBlBUBS
Blogon-BUrl-BSendEmail-BUrl-,BlBUBSBU
BUrl-BSendEmail-BUrl-CUrl-,BUBSBUCU
BSendEmail-BUrl-CUrl-CNologon-,BSBUCUCN
BUrl-CUrl-CNologon-Blogon-,BUCUCNBl
CUrl-CNologon-Blogon-BUrl-,CUCNBlBU
CNologon-Blogon-BUrl-CUrl-,CNBlBUCU
Blogon-BUrl-CUrl-CSendEmail-,BlBUCUCS
BUrl-CUrl-CSendEmail-CUrl-,BUCUCSCU
CUrl-CSendEmail-CUrl-CNologon-,CUCSCUCN
CSendEmail-CUrl-CNologon-Blogon-,CSCUCNBl
CUrl-CNologon-Blogon-BUrl-,CUCNBlBU
CNologon-Blogon-BUrl-BSendEmail-,CNBlBUBS
Blogon-BUrl-BSendEmail-BUrl-,BlBUBSBU
BUrl-BSendEmail-BUrl-CUrl-,BUBSBUCU
BSendEmail-BUrl-CUrl-CNologon-,BSBUCUCN
BUrl-CUrl-CNologon-Blogon-,BUCUCNBl
CUrl-CNologon-Blogon-BUrl-,CUCNBlBU
CNologon-Blogon-BUrl-CUrl-,CNBlBUCU
Blogon-BUrl-CUrl-CSendEmail-,BlBUCUCS
BUrl-CUrl-CSendEmail-CUrl-,BUCUCSCU
CUrl-CSendEmail-CUrl-CNologon-,CUCSCUCN
CSendEmail-CUrl-CNologon-Blogon-,CSCUCNBl
CUrl-CNologon-Blogon-BUrl-,CUCNBlBU
CNologon-Blogon-BUrl-CUrl-,CNBlBUCU
Blogon-BUrl-CUrl-CSendEmail-,BlBUCUCS
BUrl-CUrl-CSendEmail-CUrl-,BUCUCSCU
CUrl-CSendEmail-CUrl-CNologon-,CUCSCUCN
CSendEmail-CUrl-CNologon-Blogon-,CSCUCNBl
CUrl-CNologon-Blogon-BSendEmail-,CUCNBlBS
CNologon-Blogon-BSendEmail-BUrl-,CNBlBSBU
Blogon-BSendEmail-BUrl-CUrl-,BlBSBUCU
BSendEmail-BUrl-CUrl-CNologon-,BSBUCUCN
BUrl-CUrl-CNologon-Blogon-,BUCUCNBl
CUrl-CNologon-Blogon-BUrl-,CUCNBlBU
CNologon-Blogon-BUrl-CUrl-,CNBlBUCU
Blogon-BUrl-CUrl-CSendEmail-,BlBUCUCS
BUrl-CUrl-CSendEmail-CUrl-,BUCUCSCU
CUrl-CSendEmail-CUrl-Clogon-,CUCSCUCl
CSendEmail-CUrl-Clogon-CUrl-,CSCUClCU
CUrl-Clogon-CUrl-CNologon-,CUClCUCN
Clogon-CUrl-CNologon-CNologon-,ClCUCNCN
CUrl-CNologon-CNologon-Blogon-,CUCNCNBl
CNologon-CNologon-Blogon-BUrl-,CNCNBlBU
CNologon-Blogon-BUrl-BSendEmail-,CNBlBUBS
Blogon-BUrl-BSendEmail-BUrl-,BlBUBSBU
BUrl-BSendEmail-BUrl-CUrl-,BUBSBUCU
BSendEmail-BUrl-CUrl-CNologon-,BSBUCUCN
BUrl-CUrl-CNologon-Blogon-,BUCUCNBl
CUrl-CNologon-Blogon-BSendEmail-,CUCNBlBS
CNologon-Blogon-BSendEmail-BUrl-,CNBlBSBU
Blogon-BSendEmail-BUrl-CUrl-,BlBSBUCU
BSendEmail-BUrl-CUrl-CNologon-,BSBUCUCN
BUrl-CUrl-CNologon-Blogon-,BUCUCNBl
CUrl-CNologon-Blogon-BUrl-,CUCNBlBU
CNologon-Blogon-BUrl-Clogon-,CNBlBUCl
Blogon-BUrl-Clogon-CNologon-,BlBUClCN
BUrl-Clogon-CNologon-CSendEmail-,BUClCNCS
Clogon-CNologon-CSendEmail-CUrl-,ClCNCSCU
CNologon-CSendEmail-CUrl-CNologon-,CNCSCUCN
CSendEmail-CUrl-CNologon-Blogon-,CSCUCNBl
CUrl-CNologon-Blogon-BUrl-,CUCNBlBU
CNologon-Blogon-BUrl-BSendEmail-,CNBlBUBS
Blogon-BUrl-BSendEmail-BUrl-,BlBUBSBU
BUrl-BSendEmail-BUrl-CUrl-,BUBSBUCU
BSendEmail-BUrl-CUrl-CNologon-,BSBUCUCN
BUrl-CUrl-CNologon-Blogon-,BUCUCNBl
CUrl-CNologon-Blogon-BUrl-,CUCNBlBU
CNologon-Blogon-BUrl-CUrl-,CNBlBUCU
Blogon-BUrl-CUrl-CSendEmail-,BlBUCUCS
BUrl-CUrl-CSendEmail-CUrl-,BUCUCSCU
CUrl-CSendEmail-CUrl-CNologon-,CUCSCUCN
CSendEmail-CUrl-CNologon-Blogon-,CSCUCNBl
CUrl-CNologon-Blogon-BUrl-,CUCNBlBU
CNologon-Blogon-BUrl-BSendEmail-,CNBlBUBS
Blogon-BUrl-BSendEmail-BUrl-,BlBUBSBU
BUrl-BSendEmail-BUrl-CUrl-,BUBSBUCU
BSendEmail-BUrl-CUrl-CNologon-,BSBUCUCN
BUrl-CUrl-CNologon-Blogon-,BUCUCNBl
CUrl-CNologon-Blogon-BUrl-,CUCNBlBU
CNologon-Blogon-BUrl-BSendEmail-,CNBlBUBS
Blogon-BUrl-BSendEmail-BUrl-,BlBUBSBU
BUrl-BSendEmail-BUrl-CUrl-,BUBSBUCU
BSendEmail-BUrl-CUrl-CNologon-,BSBUCUCN
BUrl-CUrl-CNologon-Blogon-,BUCUCNBl
CUrl-CNologon-Blogon-BUrl-,CUCNBlBU
CNologon-Blogon-BUrl-CUrl-,CNBlBUCU
Blogon-BUrl-CUrl-CSendEmail-,BlBUCUCS
BUrl-CUrl-CSendEmail-CUrl-,BUCUCSCU
CUrl-CSendEmail-CUrl-CNologon-,CUCSCUCN
CSendEmail-CUrl-CNologon-Blogon-,CSCUCNBl
CUrl-CNologon-Blogon-BUrl-,CUCNBlBU
CNologon-Blogon-BUrl-BSendEmail-,CNBlBUBS
Blogon-BUrl-BSendEmail-BUrl-,BlBUBSBU
BUrl-BSendEmail-BUrl-CUrl-,BUBSBUCU
BSendEmail-BUrl-CUrl-CNologon-,BSBUCUCN
BUrl-CUrl-CNologon-Blogon-,BUCUCNBl
CUrl-CNologon-Blogon-BUrl-,CUCNBlBU
CNologon-Blogon-BUrl-CUrl-,CNBlBUCU
Blogon-BUrl-CUrl-CSendEmail-,BlBUCUCS
BUrl-CUrl-CSendEmail-CUrl-,BUCUCSCU
CUrl-CSendEmail-CUrl-CNologon-,CUCSCUCN
CSendEmail-CUrl-CNologon-Blogon-,CSCUCNBl
CUrl-CNologon-Blogon-BUrl-,CUCNBlBU
CNologon-Blogon-BUrl-CUrl-,CNBlBUCU
Blogon-BUrl-CUrl-CSendEmail-,BlBUCUCS
BUrl-CUrl-CSendEmail-CUrl-,BUCUCSCU
CUrl-CSendEmail-CUrl-CNologon-,CUCSCUCN
CSendEmail-CUrl-CNologon-Blogon-,CSCUCNBl
CUrl-CNologon-Blogon-BUrl-,CUCNBlBU
CNologon-Blogon-BUrl-CUrl-,CNBlBUCU
Blogon-BUrl-CUrl-CSendEmail-,BlBUCUCS
BUrl-CUrl-CSendEmail-CUrl-,BUCUCSCU
CUrl-CSendEmail-CUrl-CNologon-,CUCSCUCN
CSendEmail-CUrl-CNologon-Blogon-,CSCUCNBl
CUrl-CNologon-Blogon-Blogon-,CUCNBlBl
CNologon-Blogon-Blogon-BUrl-,CNBlBlBU
Blogon-Blogon-BUrl-BNologon-,BlBlBUBN
Blogon-BUrl-BNologon-BUrl-,BlBUBNBU
BUrl-BNologon-BUrl-BSendEmail-,BUBNBUBS
BNologon-BUrl-BSendEmail-BUrl-,BNBUBSBU
BUrl-BSendEmail-BUrl-CUrl-,BUBSBUCU
BSendEmail-BUrl-CUrl-CNologon-,BSBUCUCN
BUrl-CUrl-CNologon-Blogon-,BUCUCNBl
CUrl-CNologon-Blogon-BUrl-,CUCNBlBU
CNologon-Blogon-BUrl-CUrl-,CNBlBUCU
Blogon-BUrl-CUrl-CSendEmail-,BlBUCUCS
BUrl-CUrl-CSendEmail-CUrl-,BUCUCSCU
CUrl-CSendEmail-CUrl-CNologon-,CUCSCUCN
CSendEmail-CUrl-CNologon-Blogon-,CSCUCNBl
CUrl-CNologon-Blogon-BUrl-,CUCNBlBU
CNologon-Blogon-BUrl-CUrl-,CNBlBUCU
Blogon-BUrl-CUrl-CSendEmail-,BlBUCUCS
BUrl-CUrl-CSendEmail-CUrl-,BUCUCSCU
CUrl-CSendEmail-CUrl-CNologon-,CUCSCUCN
CSendEmail-CUrl-CNologon-Blogon-,CSCUCNBl
CUrl-CNologon-Blogon-BUrl-,CUCNBlBU
CNologon-Blogon-BUrl-BSendEmail-,CNBlBUBS
Blogon-BUrl-BSendEmail-BUrl-,BlBUBSBU
BUrl-BSendEmail-BUrl-Clogon-,BUBSBUCl
BSendEmail-BUrl-Clogon-CNologon-,BSBUClCN
BUrl-Clogon-CNologon-CUrl-,BUClCNCU
Clogon-CNologon-CUrl-CNologon-,ClCNCUCN
CNologon-CUrl-CNologon-Blogon-,CNCUCNBl
CUrl-CNologon-Blogon-BUrl-,CUCNBlBU
CNologon-Blogon-BUrl-CUrl-,CNBlBUCU
