Blogon-BUrl-CUrl-CSendEmail-,BlBUCUCS
BUrl-CUrl-CSendEmail-CUrl-,BUCUCSCU
CUrl-CSendEmail-CUrl-DNologon-,CUCSCUDN
CSendEmail-CUrl-DNologon-Blogon-,CSCUDNBl
CUrl-DNologon-Blogon-BSendEmail-,CUDNBlBS
DNologon-Blogon-BSendEmail-BUrl-,DNBlBSBU
Blogon-BSendEmail-BUrl-CUrl-,BlBSBUCU
BSendEmail-BUrl-CUrl-CNologon-,BSBUCUCN
BUrl-CUrl-CNologon-Blogon-,BUCUCNBl
CUrl-CNologon-Blogon-BUrl-,CUCNBlBU
CNologon-Blogon-BUrl-CUrl-,CNBlBUCU
Blogon-BUrl-CUrl-CSendEmail-,BlBUCUCS
BUrl-CUrl-CSendEmail-CUrl-,BUCUCSCU
CUrl-CSendEmail-CUrl-DNologon-,CUCSCUDN
CSendEmail-CUrl-DNologon-Blogon-,CSCUDNBl
CUrl-DNologon-Blogon-BSendEmail-,CUDNBlBS
DNologon-Blogon-BSendEmail-BUrl-,DNBlBSBU
Blogon-BSendEmail-BUrl-CUrl-,BlBSBUCU
BSendEmail-BUrl-CUrl-CNologon-,BSBUCUCN
BUrl-CUrl-CNologon-Blogon-,BUCUCNBl
CUrl-CNologon-Blogon-BUrl-,CUCNBlBU
CNologon-Blogon-BUrl-CUrl-,CNBlBUCU
Blogon-BUrl-CUrl-CSendEmail-,BlBUCUCS
BUrl-CUrl-CSendEmail-CUrl-,BUCUCSCU
CUrl-CSendEmail-CUrl-DNologon-,CUCSCUDN
CSendEmail-CUrl-DNologon-Blogon-,CSCUDNBl
CUrl-DNologon-Blogon-BSendEmail-,CUDNBlBS
DNologon-Blogon-BSendEmail-BUrl-,DNBlBSBU
Blogon-BSendEmail-BUrl-CUrl-,BlBSBUCU
BSendEmail-BUrl-CUrl-CNologon-,BSBUCUCN
BUrl-CUrl-CNologon-Blogon-,BUCUCNBl
CUrl-CNologon-Blogon-BUrl-,CUCNBlBU
CNologon-Blogon-BUrl-CUrl-,CNBlBUCU
Blogon-BUrl-CUrl-CSendEmail-,BlBUCUCS
BUrl-CUrl-CSendEmail-DUrl-,BUCUCSDU
CUrl-CSendEmail-DUrl-DNologon-,CUCSDUDN
CSendEmail-DUrl-DNologon-Blogon-,CSDUDNBl
DUrl-DNologon-Blogon-BUrl-,DUDNBlBU
DNologon-Blogon-BUrl-CUrl-,DNBlBUCU
Blogon-BUrl-CUrl-CSendEmail-,BlBUCUCS
BUrl-CUrl-CSendEmail-CUrl-,BUCUCSCU
CUrl-CSendEmail-CUrl-CNologon-,CUCSCUCN
CSendEmail-CUrl-CNologon-Blogon-,CSCUCNBl
CUrl-CNologon-Blogon-BUrl-,CUCNBlBU
CNologon-Blogon-BUrl-CUrl-,CNBlBUCU
Blogon-BUrl-CUrl-CSendEmail-,BlBUCUCS
BUrl-CUrl-CSendEmail-CUrl-,BUCUCSCU
CUrl-CSendEmail-CUrl-DUrl-,CUCSCUDU
CSendEmail-CUrl-DUrl-DNologon-,CSCUDUDN
CUrl-DUrl-DNologon-Blogon-,CUDUDNBl
DUrl-DNologon-Blogon-BUrl-,DUDNBlBU
DNologon-Blogon-BUrl-CUrl-,DNBlBUCU
Blogon-BUrl-CUrl-CSendEmail-,BlBUCUCS
BUrl-CUrl-CSendEmail-CUrl-,BUCUCSCU
CUrl-CSendEmail-CUrl-CNologon-,CUCSCUCN
CSendEmail-CUrl-CNologon-Blogon-,CSCUCNBl
CUrl-CNologon-Blogon-BUrl-,CUCNBlBU
CNologon-Blogon-BUrl-CUrl-,CNBlBUCU
Blogon-BUrl-CUrl-CSendEmail-,BlBUCUCS
BUrl-CUrl-CSendEmail-CUrl-,BUCUCSCU
CUrl-CSendEmail-CUrl-DNologon-,CUCSCUDN
CSendEmail-CUrl-DNologon-Blogon-,CSCUDNBl
CUrl-DNologon-Blogon-BSendEmail-,CUDNBlBS
DNologon-Blogon-BSendEmail-BUrl-,DNBlBSBU
Blogon-BSendEmail-BUrl-CUrl-,BlBSBUCU
BSendEmail-BUrl-CUrl-DNologon-,BSBUCUDN
BUrl-CUrl-DNologon-Blogon-,BUCUDNBl
CUrl-DNologon-Blogon-BUrl-,CUDNBlBU
DNologon-Blogon-BUrl-CUrl-,DNBlBUCU
Blogon-BUrl-CUrl-CSendEmail-,BlBUCUCS
BUrl-CUrl-CSendEmail-DUrl-,BUCUCSDU
CUrl-CSendEmail-DUrl-DNologon-,CUCSDUDN
CSendEmail-DUrl-DNologon-Blogon-,CSDUDNBl
DUrl-DNologon-Blogon-BUrl-,DUDNBlBU
DNologon-Blogon-BUrl-BSendEmail-,DNBlBUBS
Blogon-BUrl-BSendEmail-BUrl-,BlBUBSBU
BUrl-BSendEmail-BUrl-CUrl-,BUBSBUCU
BSendEmail-BUrl-CUrl-CNologon-,BSBUCUCN
BUrl-CUrl-CNologon-Blogon-,BUCUCNBl
CUrl-CNologon-Blogon-BUrl-,CUCNBlBU
CNologon-Blogon-BUrl-CUrl-,CNBlBUCU
Blogon-BUrl-CUrl-CSendEmail-,BlBUCUCS
BUrl-CUrl-CSendEmail-CUrl-,BUCUCSCU
CUrl-CSendEmail-CUrl-DNologon-,CUCSCUDN
CSendEmail-CUrl-DNologon-Blogon-,CSCUDNBl
CUrl-DNologon-Blogon-BUrl-,CUDNBlBU
DNologon-Blogon-BUrl-CUrl-,DNBlBUCU
Blogon-BUrl-CUrl-CSendEmail-,BlBUCUCS
BUrl-CUrl-CSendEmail-CUrl-,BUCUCSCU
CUrl-CSendEmail-CUrl-DNologon-,CUCSCUDN
CSendEmail-CUrl-DNologon-Blogon-,CSCUDNBl
CUrl-DNologon-Blogon-BSendEmail-,CUDNBlBS
DNologon-Blogon-BSendEmail-BUrl-,DNBlBSBU
Blogon-BSendEmail-BUrl-CUrl-,BlBSBUCU
BSendEmail-BUrl-CUrl-CNologon-,BSBUCUCN
BUrl-CUrl-CNologon-Blogon-,BUCUCNBl
CUrl-CNologon-Blogon-BUrl-,CUCNBlBU
CNologon-Blogon-BUrl-CSendEmail-,CNBlBUCS
Blogon-BUrl-CSendEmail-CUrl-,BlBUCSCU
BUrl-CSendEmail-CUrl-DNologon-,BUCSCUDN
CSendEmail-CUrl-DNologon-Blogon-,CSCUDNBl
CUrl-DNologon-Blogon-BUrl-,CUDNBlBU
DNologon-Blogon-BUrl-CUrl-,DNBlBUCU
Blogon-BUrl-CUrl-CSendEmail-,BlBUCUCS
BUrl-CUrl-CSendEmail-CUrl-,BUCUCSCU
CUrl-CSendEmail-CUrl-CNologon-,CUCSCUCN
CSendEmail-CUrl-CNologon-Blogon-,CSCUCNBl
CUrl-CNologon-Blogon-BUrl-,CUCNBlBU
CNologon-Blogon-BUrl-CUrl-,CNBlBUCU
Blogon-BUrl-CUrl-CSendEmail-,BlBUCUCS
BUrl-CUrl-CSendEmail-CUrl-,BUCUCSCU
CUrl-CSendEmail-CUrl-DNologon-,CUCSCUDN
CSendEmail-CUrl-DNologon-Blogon-,CSCUDNBl
CUrl-DNologon-Blogon-BUrl-,CUDNBlBU
DNologon-Blogon-BUrl-CUrl-,DNBlBUCU
Blogon-BUrl-CUrl-CSendEmail-,BlBUCUCS
BUrl-CUrl-CSendEmail-CUrl-,BUCUCSCU
CUrl-CSendEmail-CUrl-CNologon-,CUCSCUCN
CSendEmail-CUrl-CNologon-Blogon-,CSCUCNBl
CUrl-CNologon-Blogon-BUrl-,CUCNBlBU
CNologon-Blogon-BUrl-CUrl-,CNBlBUCU
Blogon-BUrl-CUrl-CSendEmail-,BlBUCUCS
BUrl-CUrl-CSendEmail-CUrl-,BUCUCSCU
CUrl-CSendEmail-CUrl-DNologon-,CUCSCUDN
CSendEmail-CUrl-DNologon-Blogon-,CSCUDNBl
CUrl-DNologon-Blogon-BUrl-,CUDNBlBU
DNologon-Blogon-BUrl-CUrl-,DNBlBUCU
Blogon-BUrl-CUrl-CSendEmail-,BlBUCUCS
BUrl-CUrl-CSendEmail-CUrl-,BUCUCSCU
CUrl-CSendEmail-CUrl-CNologon-,CUCSCUCN
CSendEmail-CUrl-CNologon-Blogon-,CSCUCNBl
CUrl-CNologon-Blogon-BUrl-,CUCNBlBU
CNologon-Blogon-BUrl-CSendEmail-,CNBlBUCS
Blogon-BUrl-CSendEmail-CUrl-,BlBUCSCU
BUrl-CSendEmail-CUrl-CNologon-,BUCSCUCN
CSendEmail-CUrl-CNologon-Blogon-,CSCUCNBl
CUrl-CNologon-Blogon-BSendEmail-,CUCNBlBS
CNologon-Blogon-BSendEmail-BUrl-,CNBlBSBU
Blogon-BSendEmail-BUrl-CUrl-,BlBSBUCU
BSendEmail-BUrl-CUrl-CNologon-,BSBUCUCN
BUrl-CUrl-CNologon-Blogon-,BUCUCNBl
CUrl-CNologon-Blogon-BUrl-,CUCNBlBU
CNologon-Blogon-BUrl-CUrl-,CNBlBUCU
Blogon-BUrl-CUrl-CSendEmail-,BlBUCUCS
BUrl-CUrl-CSendEmail-DNologon-,BUCUCSDN
CUrl-CSendEmail-DNologon-Blogon-,CUCSDNBl
CSendEmail-DNologon-Blogon-BUrl-,CSDNBlBU
DNologon-Blogon-BUrl-CUrl-,DNBlBUCU
Blogon-BUrl-CUrl-CSendEmail-,BlBUCUCS
BUrl-CUrl-CSendEmail-CUrl-,BUCUCSCU
CUrl-CSendEmail-CUrl-CNologon-,CUCSCUCN
CSendEmail-CUrl-CNologon-Blogon-,CSCUCNBl
CUrl-CNologon-Blogon-BUrl-,CUCNBlBU
CNologon-Blogon-BUrl-CUrl-,CNBlBUCU
Blogon-BUrl-CUrl-CSendEmail-,BlBUCUCS
BUrl-CUrl-CSendEmail-CUrl-,BUCUCSCU
CUrl-CSendEmail-CUrl-CNologon-,CUCSCUCN
CSendEmail-CUrl-CNologon-Blogon-,CSCUCNBl
CUrl-CNologon-Blogon-BUrl-,CUCNBlBU
CNologon-Blogon-BUrl-BSendEmail-,CNBlBUBS
Blogon-BUrl-BSendEmail-CUrl-,BlBUBSCU
BUrl-BSendEmail-CUrl-DUrl-,BUBSCUDU
BSendEmail-CUrl-DUrl-DNologon-,BSCUDUDN
CUrl-DUrl-DNologon-Blogon-,CUDUDNBl
DUrl-DNologon-Blogon-BUrl-,DUDNBlBU
DNologon-Blogon-BUrl-CUrl-,DNBlBUCU
Blogon-BUrl-CUrl-CNologon-,BlBUCUCN
BUrl-CUrl-CNologon-Blogon-,BUCUCNBl
CUrl-CNologon-Blogon-BUrl-,CUCNBlBU
CNologon-Blogon-BUrl-BSendEmail-,CNBlBUBS
Blogon-BUrl-BSendEmail-BUrl-,BlBUBSBU
BUrl-BSendEmail-BUrl-CUrl-,BUBSBUCU
BSendEmail-BUrl-CUrl-DUrl-,BSBUCUDU
BUrl-CUrl-DUrl-DNologon-,BUCUDUDN
CUrl-DUrl-DNologon-Blogon-,CUDUDNBl
DUrl-DNologon-Blogon-BUrl-,DUDNBlBU
DNologon-Blogon-BUrl-CSendEmail-,DNBlBUCS
Blogon-BUrl-CSendEmail-CUrl-,BlBUCSCU
BUrl-CSendEmail-CUrl-CNologon-,BUCSCUCN
CSendEmail-CUrl-CNologon-Blogon-,CSCUCNBl
CUrl-CNologon-Blogon-BUrl-,CUCNBlBU
CNologon-Blogon-BUrl-BSendEmail-,CNBlBUBS
Blogon-BUrl-BSendEmail-BUrl-,BlBUBSBU
BUrl-BSendEmail-BUrl-CUrl-,BUBSBUCU
BSendEmail-BUrl-CUrl-DNologon-,BSBUCUDN
BUrl-CUrl-DNologon-Blogon-,BUCUDNBl
CUrl-DNologon-Blogon-BUrl-,CUDNBlBU
DNologon-Blogon-BUrl-CUrl-,DNBlBUCU
Blogon-BUrl-CUrl-CSendEmail-,BlBUCUCS
BUrl-CUrl-CSendEmail-CUrl-,BUCUCSCU
CUrl-CSendEmail-CUrl-DUrl-,CUCSCUDU
CSendEmail-CUrl-DUrl-DNologon-,CSCUDUDN
CUrl-DUrl-DNologon-Blogon-,CUDUDNBl
DUrl-DNologon-Blogon-BUrl-,DUDNBlBU
DNologon-Blogon-BUrl-CUrl-,DNBlBUCU
Blogon-BUrl-CUrl-CSendEmail-,BlBUCUCS
BUrl-CUrl-CSendEmail-CUrl-,BUCUCSCU
CUrl-CSendEmail-CUrl-DNologon-,CUCSCUDN
CSendEmail-CUrl-DNologon-Blogon-,CSCUDNBl
CUrl-DNologon-Blogon-BUrl-,CUDNBlBU
DNologon-Blogon-BUrl-BSendEmail-,DNBlBUBS
Blogon-BUrl-BSendEmail-BUrl-,BlBUBSBU
BUrl-BSendEmail-BUrl-CUrl-,BUBSBUCU
BSendEmail-BUrl-CUrl-DNologon-,BSBUCUDN
BUrl-CUrl-DNologon-Blogon-,BUCUDNBl
CUrl-DNologon-Blogon-BUrl-,CUDNBlBU
DNologon-Blogon-BUrl-CUrl-,DNBlBUCU
Blogon-BUrl-CUrl-CSendEmail-,BlBUCUCS
BUrl-CUrl-CSendEmail-DNologon-,BUCUCSDN
CUrl-CSendEmail-DNologon-Blogon-,CUCSDNBl
CSendEmail-DNologon-Blogon-BUrl-,CSDNBlBU
DNologon-Blogon-BUrl-BSendEmail-,DNBlBUBS
Blogon-BUrl-BSendEmail-BUrl-,BlBUBSBU
BUrl-BSendEmail-BUrl-CUrl-,BUBSBUCU
BSendEmail-BUrl-CUrl-CNologon-,BSBUCUCN
BUrl-CUrl-CNologon-Blogon-,BUCUCNBl
CUrl-CNologon-Blogon-BUrl-,CUCNBlBU
CNologon-Blogon-BUrl-CSendEmail-,CNBlBUCS
Blogon-BUrl-CSendEmail-CUrl-,BlBUCSCU
BUrl-CSendEmail-CUrl-CNologon-,BUCSCUCN
CSendEmail-CUrl-CNologon-Blogon-,CSCUCNBl
CUrl-CNologon-Blogon-BUrl-,CUCNBlBU
CNologon-Blogon-BUrl-CUrl-,CNBlBUCU
Blogon-BUrl-CUrl-CSendEmail-,BlBUCUCS
BUrl-CUrl-CSendEmail-CUrl-,BUCUCSCU
CUrl-CSendEmail-CUrl-DNologon-,CUCSCUDN
CSendEmail-CUrl-DNologon-Blogon-,CSCUDNBl
CUrl-DNologon-Blogon-BUrl-,CUDNBlBU
DNologon-Blogon-BUrl-CUrl-,DNBlBUCU
Blogon-BUrl-CUrl-CSendEmail-,BlBUCUCS
BUrl-CUrl-CSendEmail-CUrl-,BUCUCSCU
CUrl-CSendEmail-CUrl-DUrl-,CUCSCUDU
CSendEmail-CUrl-DUrl-DNologon-,CSCUDUDN
CUrl-DUrl-DNologon-Blogon-,CUDUDNBl
DUrl-DNologon-Blogon-BUrl-,DUDNBlBU
DNologon-Blogon-BUrl-CUrl-,DNBlBUCU
Blogon-BUrl-CUrl-CSendEmail-,BlBUCUCS
BUrl-CUrl-CSendEmail-DNologon-,BUCUCSDN
CUrl-CSendEmail-DNologon-Blogon-,CUCSDNBl
CSendEmail-DNologon-Blogon-BUrl-,CSDNBlBU
DNologon-Blogon-BUrl-CUrl-,DNBlBUCU
Blogon-BUrl-CUrl-CSendEmail-,BlBUCUCS
BUrl-CUrl-CSendEmail-CUrl-,BUCUCSCU
CUrl-CSendEmail-CUrl-DNologon-,CUCSCUDN
CSendEmail-CUrl-DNologon-Blogon-,CSCUDNBl
CUrl-DNologon-Blogon-BUrl-,CUDNBlBU
DNologon-Blogon-BUrl-BSendEmail-,DNBlBUBS
Blogon-BUrl-BSendEmail-CUrl-,BlBUBSCU
BUrl-BSendEmail-CUrl-DNologon-,BUBSCUDN
BSendEmail-CUrl-DNologon-Blogon-,BSCUDNBl
CUrl-DNologon-Blogon-BSendEmail-,CUDNBlBS
DNologon-Blogon-BSendEmail-BUrl-,DNBlBSBU
Blogon-BSendEmail-BUrl-CUrl-,BlBSBUCU
BSendEmail-BUrl-CUrl-CNologon-,BSBUCUCN
BUrl-CUrl-CNologon-Blogon-,BUCUCNBl
CUrl-CNologon-Blogon-BUrl-,CUCNBlBU
CNologon-Blogon-BUrl-BSendEmail-,CNBlBUBS
Blogon-BUrl-BSendEmail-CUrl-,BlBUBSCU
BUrl-BSendEmail-CUrl-CNologon-,BUBSCUCN
BSendEmail-CUrl-CNologon-Blogon-,BSCUCNBl
CUrl-CNologon-Blogon-BUrl-,CUCNBlBU
CNologon-Blogon-BUrl-CUrl-,CNBlBUCU
Blogon-BUrl-CUrl-CSendEmail-,BlBUCUCS
BUrl-CUrl-CSendEmail-CUrl-,BUCUCSCU
CUrl-CSendEmail-CUrl-DNologon-,CUCSCUDN
CSendEmail-CUrl-DNologon-Blogon-,CSCUDNBl
CUrl-DNologon-Blogon-BUrl-,CUDNBlBU
DNologon-Blogon-BUrl-BSendEmail-,DNBlBUBS
Blogon-BUrl-BSendEmail-BUrl-,BlBUBSBU
BUrl-BSendEmail-BUrl-CUrl-,BUBSBUCU
BSendEmail-BUrl-CUrl-DNologon-,BSBUCUDN
BUrl-CUrl-DNologon-Blogon-,BUCUDNBl
CUrl-DNologon-Blogon-BUrl-,CUDNBlBU
DNologon-Blogon-BUrl-CUrl-,DNBlBUCU
Blogon-BUrl-CUrl-CSendEmail-,BlBUCUCS
BUrl-CUrl-CSendEmail-CUrl-,BUCUCSCU
CUrl-CSendEmail-CUrl-CNologon-,CUCSCUCN
CSendEmail-CUrl-CNologon-Blogon-,CSCUCNBl
CUrl-CNologon-Blogon-BUrl-,CUCNBlBU
CNologon-Blogon-BUrl-CUrl-,CNBlBUCU
Blogon-BUrl-CUrl-CSendEmail-,BlBUCUCS
BUrl-CUrl-CSendEmail-CUrl-,BUCUCSCU
CUrl-CSendEmail-CUrl-DNologon-,CUCSCUDN
CSendEmail-CUrl-DNologon-Blogon-,CSCUDNBl
CUrl-DNologon-Blogon-BSendEmail-,CUDNBlBS
DNologon-Blogon-BSendEmail-BUrl-,DNBlBSBU
Blogon-BSendEmail-BUrl-CUrl-,BlBSBUCU
BSendEmail-BUrl-CUrl-DNologon-,BSBUCUDN
BUrl-CUrl-DNologon-Blogon-,BUCUDNBl
CUrl-DNologon-Blogon-BUrl-,CUDNBlBU
DNologon-Blogon-BUrl-CUrl-,DNBlBUCU
Blogon-BUrl-CUrl-CSendEmail-,BlBUCUCS
BUrl-CUrl-CSendEmail-CUrl-,BUCUCSCU
CUrl-CSendEmail-CUrl-DNologon-,CUCSCUDN
CSendEmail-CUrl-DNologon-Blogon-,CSCUDNBl
CUrl-DNologon-Blogon-BUrl-,CUDNBlBU
DNologon-Blogon-BUrl-CUrl-,DNBlBUCU
Blogon-BUrl-CUrl-CSendEmail-,BlBUCUCS
BUrl-CUrl-CSendEmail-CUrl-,BUCUCSCU
CUrl-CSendEmail-CUrl-DNologon-,CUCSCUDN
CSendEmail-CUrl-DNologon-Blogon-,CSCUDNBl
CUrl-DNologon-Blogon-BUrl-,CUDNBlBU
DNologon-Blogon-BUrl-CSendEmail-,DNBlBUCS
Blogon-BUrl-CSendEmail-CUrl-,BlBUCSCU
BUrl-CSendEmail-CUrl-DNologon-,BUCSCUDN
CSendEmail-CUrl-DNologon-Blogon-,CSCUDNBl
CUrl-DNologon-Blogon-BUrl-,CUDNBlBU
DNologon-Blogon-BUrl-CUrl-,DNBlBUCU
Blogon-BUrl-CUrl-CSendEmail-,BlBUCUCS
BUrl-CUrl-CSendEmail-CUrl-,BUCUCSCU
CUrl-CSendEmail-CUrl-CNologon-,CUCSCUCN
CSendEmail-CUrl-CNologon-Blogon-,CSCUCNBl
CUrl-CNologon-Blogon-BUrl-,CUCNBlBU
CNologon-Blogon-BUrl-CUrl-,CNBlBUCU
Blogon-BUrl-CUrl-CSendEmail-,BlBUCUCS
BUrl-CUrl-CSendEmail-CUrl-,BUCUCSCU
CUrl-CSendEmail-CUrl-DNologon-,CUCSCUDN
CSendEmail-CUrl-DNologon-Blogon-,CSCUDNBl
CUrl-DNologon-Blogon-BSendEmail-,CUDNBlBS
DNologon-Blogon-BSendEmail-BUrl-,DNBlBSBU
Blogon-BSendEmail-BUrl-CUrl-,BlBSBUCU
BSendEmail-BUrl-CUrl-DNologon-,BSBUCUDN
BUrl-CUrl-DNologon-Blogon-,BUCUDNBl
CUrl-DNologon-Blogon-BUrl-,CUDNBlBU
DNologon-Blogon-BUrl-CUrl-,DNBlBUCU
Blogon-BUrl-CUrl-CSendEmail-,BlBUCUCS
BUrl-CUrl-CSendEmail-CUrl-,BUCUCSCU
CUrl-CSendEmail-CUrl-DUrl-,CUCSCUDU
CSendEmail-CUrl-DUrl-DNologon-,CSCUDUDN
CUrl-DUrl-DNologon-Blogon-,CUDUDNBl
DUrl-DNologon-Blogon-BSendEmail-,DUDNBlBS
DNologon-Blogon-BSendEmail-BUrl-,DNBlBSBU
Blogon-BSendEmail-BUrl-CUrl-,BlBSBUCU
BSendEmail-BUrl-CUrl-CNologon-,BSBUCUCN
BUrl-CUrl-CNologon-Blogon-,BUCUCNBl
CUrl-CNologon-Blogon-BUrl-,CUCNBlBU
CNologon-Blogon-BUrl-CUrl-,CNBlBUCU
Blogon-BUrl-CUrl-CSendEmail-,BlBUCUCS
BUrl-CUrl-CSendEmail-CUrl-,BUCUCSCU
CUrl-CSendEmail-CUrl-DNologon-,CUCSCUDN
CSendEmail-CUrl-DNologon-Blogon-,CSCUDNBl
CUrl-DNologon-Blogon-BSendEmail-,CUDNBlBS
DNologon-Blogon-BSendEmail-BUrl-,DNBlBSBU
Blogon-BSendEmail-BUrl-CUrl-,BlBSBUCU
BSendEmail-BUrl-CUrl-DUrl-,BSBUCUDU
BUrl-CUrl-DUrl-DNologon-,BUCUDUDN
CUrl-DUrl-DNologon-Blogon-,CUDUDNBl
DUrl-DNologon-Blogon-BUrl-,DUDNBlBU
DNologon-Blogon-BUrl-CUrl-,DNBlBUCU
Blogon-BUrl-CUrl-CSendEmail-,BlBUCUCS
BUrl-CUrl-CSendEmail-CUrl-,BUCUCSCU
CUrl-CSendEmail-CUrl-CNologon-,CUCSCUCN
CSendEmail-CUrl-CNologon-Blogon-,CSCUCNBl
CUrl-CNologon-Blogon-BUrl-,CUCNBlBU
CNologon-Blogon-BUrl-CSendEmail-,CNBlBUCS
Blogon-BUrl-CSendEmail-CUrl-,BlBUCSCU
BUrl-CSendEmail-CUrl-DNologon-,BUCSCUDN
CSendEmail-CUrl-DNologon-Blogon-,CSCUDNBl
CUrl-DNologon-Blogon-BUrl-,CUDNBlBU
DNologon-Blogon-BUrl-CUrl-,DNBlBUCU
Blogon-BUrl-CUrl-DUrl-,BlBUCUDU
BUrl-CUrl-DUrl-DNologon-,BUCUDUDN
CUrl-DUrl-DNologon-Blogon-,CUDUDNBl
DUrl-DNologon-Blogon-BUrl-,DUDNBlBU
DNologon-Blogon-BUrl-CUrl-,DNBlBUCU
Blogon-BUrl-CUrl-CSendEmail-,BlBUCUCS
BUrl-CUrl-CSendEmail-CUrl-,BUCUCSCU
CUrl-CSendEmail-CUrl-DNologon-,CUCSCUDN
CSendEmail-CUrl-DNologon-Blogon-,CSCUDNBl
CUrl-DNologon-Blogon-BUrl-,CUDNBlBU
DNologon-Blogon-BUrl-CUrl-,DNBlBUCU
Blogon-BUrl-CUrl-CSendEmail-,BlBUCUCS
BUrl-CUrl-CSendEmail-CUrl-,BUCUCSCU
CUrl-CSendEmail-CUrl-DNologon-,CUCSCUDN
CSendEmail-CUrl-DNologon-Blogon-,CSCUDNBl
CUrl-DNologon-Blogon-BUrl-,CUDNBlBU
DNologon-Blogon-BUrl-CUrl-,DNBlBUCU
Blogon-BUrl-CUrl-DSendEmail-,BlBUCUDS
BUrl-CUrl-DSendEmail-DNologon-,BUCUDSDN
CUrl-DSendEmail-DNologon-Blogon-,CUDSDNBl
DSendEmail-DNologon-Blogon-BUrl-,DSDNBlBU
DNologon-Blogon-BUrl-CSendEmail-,DNBlBUCS
Blogon-BUrl-CSendEmail-CUrl-,BlBUCSCU
BUrl-CSendEmail-CUrl-CNologon-,BUCSCUCN
CSendEmail-CUrl-CNologon-Blogon-,CSCUCNBl
CUrl-CNologon-Blogon-BUrl-,CUCNBlBU
CNologon-Blogon-BUrl-CUrl-,CNBlBUCU
Blogon-BUrl-CUrl-CSendEmail-,BlBUCUCS
BUrl-CUrl-CSendEmail-CUrl-,BUCUCSCU
CUrl-CSendEmail-CUrl-CNologon-,CUCSCUCN
CSendEmail-CUrl-CNologon-Blogon-,CSCUCNBl
CUrl-CNologon-Blogon-BUrl-,CUCNBlBU
CNologon-Blogon-BUrl-CUrl-,CNBlBUCU
Blogon-BUrl-CUrl-CSendEmail-,BlBUCUCS
BUrl-CUrl-CSendEmail-CUrl-,BUCUCSCU
CUrl-CSendEmail-CUrl-DNologon-,CUCSCUDN
CSendEmail-CUrl-DNologon-Blogon-,CSCUDNBl
CUrl-DNologon-Blogon-BUrl-,CUDNBlBU
DNologon-Blogon-BUrl-CUrl-,DNBlBUCU
Blogon-BUrl-CUrl-CSendEmail-,BlBUCUCS
BUrl-CUrl-CSendEmail-CUrl-,BUCUCSCU
CUrl-CSendEmail-CUrl-DNologon-,CUCSCUDN
CSendEmail-CUrl-DNologon-Blogon-,CSCUDNBl
CUrl-DNologon-Blogon-BUrl-,CUDNBlBU
DNologon-Blogon-BUrl-CUrl-,DNBlBUCU
Blogon-BUrl-CUrl-CSendEmail-,BlBUCUCS
BUrl-CUrl-CSendEmail-CUrl-,BUCUCSCU
CUrl-CSendEmail-CUrl-DNologon-,CUCSCUDN
CSendEmail-CUrl-DNologon-Blogon-,CSCUDNBl
CUrl-DNologon-Blogon-BUrl-,CUDNBlBU
DNologon-Blogon-BUrl-CSendEmail-,DNBlBUCS
Blogon-BUrl-CSendEmail-CUrl-,BlBUCSCU
BUrl-CSendEmail-CUrl-DNologon-,BUCSCUDN
CSendEmail-CUrl-DNologon-Blogon-,CSCUDNBl
CUrl-DNologon-Blogon-BUrl-,CUDNBlBU
DNologon-Blogon-BUrl-CUrl-,DNBlBUCU
Blogon-BUrl-CUrl-CSendEmail-,BlBUCUCS
BUrl-CUrl-CSendEmail-CUrl-,BUCUCSCU
CUrl-CSendEmail-CUrl-DNologon-,CUCSCUDN
CSendEmail-CUrl-DNologon-Blogon-,CSCUDNBl
CUrl-DNologon-Blogon-BUrl-,CUDNBlBU
DNologon-Blogon-BUrl-CUrl-,DNBlBUCU
Blogon-BUrl-CUrl-CSendEmail-,BlBUCUCS
BUrl-CUrl-CSendEmail-CUrl-,BUCUCSCU
CUrl-CSendEmail-CUrl-DNologon-,CUCSCUDN
CSendEmail-CUrl-DNologon-Blogon-,CSCUDNBl
CUrl-DNologon-Blogon-BUrl-,CUDNBlBU
DNologon-Blogon-BUrl-CUrl-,DNBlBUCU
Blogon-BUrl-CUrl-CSendEmail-,BlBUCUCS
BUrl-CUrl-CSendEmail-CUrl-,BUCUCSCU
CUrl-CSendEmail-CUrl-DNologon-,CUCSCUDN
CSendEmail-CUrl-DNologon-Blogon-,CSCUDNBl
CUrl-DNologon-Blogon-BUrl-,CUDNBlBU
DNologon-Blogon-BUrl-CUrl-,DNBlBUCU
Blogon-BUrl-CUrl-DNologon-,BlBUCUDN
BUrl-CUrl-DNologon-Blogon-,BUCUDNBl
CUrl-DNologon-Blogon-BUrl-,CUDNBlBU
DNologon-Blogon-BUrl-CUrl-,DNBlBUCU
Blogon-BUrl-CUrl-CSendEmail-,BlBUCUCS
BUrl-CUrl-CSendEmail-CUrl-,BUCUCSCU
CUrl-CSendEmail-CUrl-DNologon-,CUCSCUDN
CSendEmail-CUrl-DNologon-Blogon-,CSCUDNBl
CUrl-DNologon-Blogon-BUrl-,CUDNBlBU
DNologon-Blogon-BUrl-CUrl-,DNBlBUCU
Blogon-BUrl-CUrl-CSendEmail-,BlBUCUCS
BUrl-CUrl-CSendEmail-CUrl-,BUCUCSCU
CUrl-CSendEmail-CUrl-DNologon-,CUCSCUDN
CSendEmail-CUrl-DNologon-Blogon-,CSCUDNBl
CUrl-DNologon-Blogon-BSendEmail-,CUDNBlBS
DNologon-Blogon-BSendEmail-BUrl-,DNBlBSBU
Blogon-BSendEmail-BUrl-CUrl-,BlBSBUCU
BSendEmail-BUrl-CUrl-CNologon-,BSBUCUCN
BUrl-CUrl-CNologon-Blogon-,BUCUCNBl
CUrl-CNologon-Blogon-BUrl-,CUCNBlBU
CNologon-Blogon-BUrl-CSendEmail-,CNBlBUCS
Blogon-BUrl-CSendEmail-CUrl-,BlBUCSCU
BUrl-CSendEmail-CUrl-DNologon-,BUCSCUDN
CSendEmail-CUrl-DNologon-Blogon-,CSCUDNBl
CUrl-DNologon-Blogon-BSendEmail-,CUDNBlBS
DNologon-Blogon-BSendEmail-BUrl-,DNBlBSBU
Blogon-BSendEmail-BUrl-CUrl-,BlBSBUCU
BSendEmail-BUrl-CUrl-DNologon-,BSBUCUDN
BUrl-CUrl-DNologon-Blogon-,BUCUDNBl
CUrl-DNologon-Blogon-BUrl-,CUDNBlBU
DNologon-Blogon-BUrl-BSendEmail-,DNBlBUBS
Blogon-BUrl-BSendEmail-CUrl-,BlBUBSCU
BUrl-BSendEmail-CUrl-CNologon-,BUBSCUCN
BSendEmail-CUrl-CNologon-Blogon-,BSCUCNBl
CUrl-CNologon-Blogon-BUrl-,CUCNBlBU
CNologon-Blogon-BUrl-CSendEmail-,CNBlBUCS
Blogon-BUrl-CSendEmail-CUrl-,BlBUCSCU
BUrl-CSendEmail-CUrl-DNologon-,BUCSCUDN
CSendEmail-CUrl-DNologon-Blogon-,CSCUDNBl
CUrl-DNologon-Blogon-BSendEmail-,CUDNBlBS
DNologon-Blogon-BSendEmail-BUrl-,DNBlBSBU
Blogon-BSendEmail-BUrl-CUrl-,BlBSBUCU
BSendEmail-BUrl-CUrl-DNologon-,BSBUCUDN
BUrl-CUrl-DNologon-Blogon-,BUCUDNBl
CUrl-DNologon-Blogon-BUrl-,CUDNBlBU
DNologon-Blogon-BUrl-BSendEmail-,DNBlBUBS
Blogon-BUrl-BSendEmail-CUrl-,BlBUBSCU
BUrl-BSendEmail-CUrl-CNologon-,BUBSCUCN
BSendEmail-CUrl-CNologon-Blogon-,BSCUCNBl
CUrl-CNologon-Blogon-BUrl-,CUCNBlBU
CNologon-Blogon-BUrl-CUrl-,CNBlBUCU
Blogon-BUrl-CUrl-CSendEmail-,BlBUCUCS
BUrl-CUrl-CSendEmail-CUrl-,BUCUCSCU
CUrl-CSendEmail-CUrl-CNologon-,CUCSCUCN
CSendEmail-CUrl-CNologon-Blogon-,CSCUCNBl
CUrl-CNologon-Blogon-BUrl-,CUCNBlBU
CNologon-Blogon-BUrl-CUrl-,CNBlBUCU
Blogon-BUrl-CUrl-CNologon-,BlBUCUCN
BUrl-CUrl-CNologon-Blogon-,BUCUCNBl
CUrl-CNologon-Blogon-BUrl-,CUCNBlBU
CNologon-Blogon-BUrl-BSendEmail-,CNBlBUBS
Blogon-BUrl-BSendEmail-CUrl-,BlBUBSCU
BUrl-BSendEmail-CUrl-DNologon-,BUBSCUDN
BSendEmail-CUrl-DNologon-Blogon-,BSCUDNBl
CUrl-DNologon-Blogon-BUrl-,CUDNBlBU
DNologon-Blogon-BUrl-CSendEmail-,DNBlBUCS
Blogon-BUrl-CSendEmail-CUrl-,BlBUCSCU
BUrl-CSendEmail-CUrl-CNologon-,BUCSCUCN
CSendEmail-CUrl-CNologon-Blogon-,CSCUCNBl
CUrl-CNologon-Blogon-BUrl-,CUCNBlBU
CNologon-Blogon-BUrl-CUrl-,CNBlBUCU
Blogon-BUrl-CUrl-DSendEmail-,BlBUCUDS
BUrl-CUrl-DSendEmail-DUrl-,BUCUDSDU
CUrl-DSendEmail-DUrl-DNologon-,CUDSDUDN
DSendEmail-DUrl-DNologon-Blogon-,DSDUDNBl
DUrl-DNologon-Blogon-BUrl-,DUDNBlBU
DNologon-Blogon-BUrl-CUrl-,DNBlBUCU
Blogon-BUrl-CUrl-CSendEmail-,BlBUCUCS
BUrl-CUrl-CSendEmail-CUrl-,BUCUCSCU
CUrl-CSendEmail-CUrl-DNologon-,CUCSCUDN
CSendEmail-CUrl-DNologon-Blogon-,CSCUDNBl
CUrl-DNologon-Blogon-BUrl-,CUDNBlBU
DNologon-Blogon-BUrl-CUrl-,DNBlBUCU
Blogon-BUrl-CUrl-CSendEmail-,BlBUCUCS
BUrl-CUrl-CSendEmail-CUrl-,BUCUCSCU
CUrl-CSendEmail-CUrl-DNologon-,CUCSCUDN
CSendEmail-CUrl-DNologon-Blogon-,CSCUDNBl
CUrl-DNologon-Blogon-BUrl-,CUDNBlBU
DNologon-Blogon-BUrl-CUrl-,DNBlBUCU
Blogon-BUrl-CUrl-CSendEmail-,BlBUCUCS
BUrl-CUrl-CSendEmail-CUrl-,BUCUCSCU
CUrl-CSendEmail-CUrl-DNologon-,CUCSCUDN
CSendEmail-CUrl-DNologon-Blogon-,CSCUDNBl
CUrl-DNologon-Blogon-BUrl-,CUDNBlBU
DNologon-Blogon-BUrl-CUrl-,DNBlBUCU
Blogon-BUrl-CUrl-CSendEmail-,BlBUCUCS
BUrl-CUrl-CSendEmail-CUrl-,BUCUCSCU
CUrl-CSendEmail-CUrl-CNologon-,CUCSCUCN
CSendEmail-CUrl-CNologon-Blogon-,CSCUCNBl
CUrl-CNologon-Blogon-BUrl-,CUCNBlBU
CNologon-Blogon-BUrl-CUrl-,CNBlBUCU
Blogon-BUrl-CUrl-CSendEmail-,BlBUCUCS
BUrl-CUrl-CSendEmail-CUrl-,BUCUCSCU
CUrl-CSendEmail-CUrl-DNologon-,CUCSCUDN
CSendEmail-CUrl-DNologon-Blogon-,CSCUDNBl
CUrl-DNologon-Blogon-BUrl-,CUDNBlBU
DNologon-Blogon-BUrl-CUrl-,DNBlBUCU
Blogon-BUrl-CUrl-CSendEmail-,BlBUCUCS
BUrl-CUrl-CSendEmail-CUrl-,BUCUCSCU
CUrl-CSendEmail-CUrl-DNologon-,CUCSCUDN
CSendEmail-CUrl-DNologon-Blogon-,CSCUDNBl
CUrl-DNologon-Blogon-BUrl-,CUDNBlBU
DNologon-Blogon-BUrl-CUrl-,DNBlBUCU
Blogon-BUrl-CUrl-DSendEmail-,BlBUCUDS
BUrl-CUrl-DSendEmail-DNologon-,BUCUDSDN
CUrl-DSendEmail-DNologon-Blogon-,CUDSDNBl
DSendEmail-DNologon-Blogon-BUrl-,DSDNBlBU
DNologon-Blogon-BUrl-CUrl-,DNBlBUCU
Blogon-BUrl-CUrl-DNologon-,BlBUCUDN
BUrl-CUrl-DNologon-Blogon-,BUCUDNBl
CUrl-DNologon-Blogon-BUrl-,CUDNBlBU
DNologon-Blogon-BUrl-CUrl-,DNBlBUCU
Blogon-BUrl-CUrl-CSendEmail-,BlBUCUCS
BUrl-CUrl-CSendEmail-CUrl-,BUCUCSCU
CUrl-CSendEmail-CUrl-DNologon-,CUCSCUDN
CSendEmail-CUrl-DNologon-Blogon-,CSCUDNBl
CUrl-DNologon-Blogon-BUrl-,CUDNBlBU
DNologon-Blogon-BUrl-CUrl-,DNBlBUCU
Blogon-BUrl-CUrl-CSendEmail-,BlBUCUCS
BUrl-CUrl-CSendEmail-CUrl-,BUCUCSCU
CUrl-CSendEmail-CUrl-CNologon-,CUCSCUCN
CSendEmail-CUrl-CNologon-Blogon-,CSCUCNBl
CUrl-CNologon-Blogon-BUrl-,CUCNBlBU
CNologon-Blogon-BUrl-CUrl-,CNBlBUCU
Blogon-BUrl-CUrl-CSendEmail-,BlBUCUCS
BUrl-CUrl-CSendEmail-CUrl-,BUCUCSCU
CUrl-CSendEmail-CUrl-DNologon-,CUCSCUDN
CSendEmail-CUrl-DNologon-Blogon-,CSCUDNBl
CUrl-DNologon-Blogon-BUrl-,CUDNBlBU
DNologon-Blogon-BUrl-CUrl-,DNBlBUCU
Blogon-BUrl-CUrl-CSendEmail-,BlBUCUCS
BUrl-CUrl-CSendEmail-CUrl-,BUCUCSCU
CUrl-CSendEmail-CUrl-DNologon-,CUCSCUDN
CSendEmail-CUrl-DNologon-Blogon-,CSCUDNBl
CUrl-DNologon-Blogon-BUrl-,CUDNBlBU
DNologon-Blogon-BUrl-CUrl-,DNBlBUCU
Blogon-BUrl-CUrl-CSendEmail-,BlBUCUCS
BUrl-CUrl-CSendEmail-CUrl-,BUCUCSCU
CUrl-CSendEmail-CUrl-DNologon-,CUCSCUDN
CSendEmail-CUrl-DNologon-Blogon-,CSCUDNBl
CUrl-DNologon-Blogon-BUrl-,CUDNBlBU
DNologon-Blogon-BUrl-CSendEmail-,DNBlBUCS
Blogon-BUrl-CSendEmail-CUrl-,BlBUCSCU
BUrl-CSendEmail-CUrl-DNologon-,BUCSCUDN
CSendEmail-CUrl-DNologon-Blogon-,CSCUDNBl
CUrl-DNologon-Blogon-BUrl-,CUDNBlBU
DNologon-Blogon-BUrl-CUrl-,DNBlBUCU
Blogon-BUrl-CUrl-CSendEmail-,BlBUCUCS
BUrl-CUrl-CSendEmail-CUrl-,BUCUCSCU
CUrl-CSendEmail-CUrl-DNologon-,CUCSCUDN
CSendEmail-CUrl-DNologon-Blogon-,CSCUDNBl
CUrl-DNologon-Blogon-BSendEmail-,CUDNBlBS
DNologon-Blogon-BSendEmail-BUrl-,DNBlBSBU
Blogon-BSendEmail-BUrl-CUrl-,BlBSBUCU
BSendEmail-BUrl-CUrl-DNologon-,BSBUCUDN
BUrl-CUrl-DNologon-Blogon-,BUCUDNBl
CUrl-DNologon-Blogon-BUrl-,CUDNBlBU
DNologon-Blogon-BUrl-CUrl-,DNBlBUCU
Blogon-BUrl-CUrl-CSendEmail-,BlBUCUCS
BUrl-CUrl-CSendEmail-DUrl-,BUCUCSDU
CUrl-CSendEmail-DUrl-DNologon-,CUCSDUDN
CSendEmail-DUrl-DNologon-Blogon-,CSDUDNBl
DUrl-DNologon-Blogon-BUrl-,DUDNBlBU
DNologon-Blogon-BUrl-CUrl-,DNBlBUCU
Blogon-BUrl-CUrl-DSendEmail-,BlBUCUDS
BUrl-CUrl-DSendEmail-DNologon-,BUCUDSDN
CUrl-DSendEmail-DNologon-Blogon-,CUDSDNBl
DSendEmail-DNologon-Blogon-BUrl-,DSDNBlBU
DNologon-Blogon-BUrl-CUrl-,DNBlBUCU
Blogon-BUrl-CUrl-CSendEmail-,BlBUCUCS
BUrl-CUrl-CSendEmail-CUrl-,BUCUCSCU
CUrl-CSendEmail-CUrl-CNologon-,CUCSCUCN
CSendEmail-CUrl-CNologon-Blogon-,CSCUCNBl
CUrl-CNologon-Blogon-BUrl-,CUCNBlBU
CNologon-Blogon-BUrl-CUrl-,CNBlBUCU
Blogon-BUrl-CUrl-CSendEmail-,BlBUCUCS
BUrl-CUrl-CSendEmail-CUrl-,BUCUCSCU
CUrl-CSendEmail-CUrl-DNologon-,CUCSCUDN
CSendEmail-CUrl-DNologon-Blogon-,CSCUDNBl
CUrl-DNologon-Blogon-BUrl-,CUDNBlBU
DNologon-Blogon-BUrl-CUrl-,DNBlBUCU
Blogon-BUrl-CUrl-CSendEmail-,BlBUCUCS
BUrl-CUrl-CSendEmail-CUrl-,BUCUCSCU
CUrl-CSendEmail-CUrl-DUrl-,CUCSCUDU
CSendEmail-CUrl-DUrl-DNologon-,CSCUDUDN
CUrl-DUrl-DNologon-Blogon-,CUDUDNBl
DUrl-DNologon-Blogon-BUrl-,DUDNBlBU
DNologon-Blogon-BUrl-BSendEmail-,DNBlBUBS
Blogon-BUrl-BSendEmail-CUrl-,BlBUBSCU
BUrl-BSendEmail-CUrl-CNologon-,BUBSCUCN
BSendEmail-CUrl-CNologon-Blogon-,BSCUCNBl
CUrl-CNologon-Blogon-BUrl-,CUCNBlBU
CNologon-Blogon-BUrl-CSendEmail-,CNBlBUCS
Blogon-BUrl-CSendEmail-CUrl-,BlBUCSCU
BUrl-CSendEmail-CUrl-DUrl-,BUCSCUDU
CSendEmail-CUrl-DUrl-DNologon-,CSCUDUDN
CUrl-DUrl-DNologon-Blogon-,CUDUDNBl
DUrl-DNologon-Blogon-BUrl-,DUDNBlBU
DNologon-Blogon-BUrl-CUrl-,DNBlBUCU
Blogon-BUrl-CUrl-CSendEmail-,BlBUCUCS
BUrl-CUrl-CSendEmail-CUrl-,BUCUCSCU
CUrl-CSendEmail-CUrl-DNologon-,CUCSCUDN
CSendEmail-CUrl-DNologon-Blogon-,CSCUDNBl
CUrl-DNologon-Blogon-BUrl-,CUDNBlBU
DNologon-Blogon-BUrl-CUrl-,DNBlBUCU
Blogon-BUrl-CUrl-CSendEmail-,BlBUCUCS
BUrl-CUrl-CSendEmail-CUrl-,BUCUCSCU
CUrl-CSendEmail-CUrl-CNologon-,CUCSCUCN
CSendEmail-CUrl-CNologon-Blogon-,CSCUCNBl
CUrl-CNologon-Blogon-BUrl-,CUCNBlBU
CNologon-Blogon-BUrl-BSendEmail-,CNBlBUBS
Blogon-BUrl-BSendEmail-CUrl-,BlBUBSCU
BUrl-BSendEmail-CUrl-CNologon-,BUBSCUCN
BSendEmail-CUrl-CNologon-Blogon-,BSCUCNBl
CUrl-CNologon-Blogon-BUrl-,CUCNBlBU
CNologon-Blogon-BUrl-BSendEmail-,CNBlBUBS
Blogon-BUrl-BSendEmail-BUrl-,BlBUBSBU
BUrl-BSendEmail-BUrl-CUrl-,BUBSBUCU
BSendEmail-BUrl-CUrl-CNologon-,BSBUCUCN
BUrl-CUrl-CNologon-Blogon-,BUCUCNBl
CUrl-CNologon-Blogon-BSendEmail-,CUCNBlBS
CNologon-Blogon-BSendEmail-BUrl-,CNBlBSBU
Blogon-BSendEmail-BUrl-CUrl-,BlBSBUCU
BSendEmail-BUrl-CUrl-DNologon-,BSBUCUDN
BUrl-CUrl-DNologon-Blogon-,BUCUDNBl
CUrl-DNologon-Blogon-BUrl-,CUDNBlBU
DNologon-Blogon-BUrl-CUrl-,DNBlBUCU
Blogon-BUrl-CUrl-CSendEmail-,BlBUCUCS
BUrl-CUrl-CSendEmail-CUrl-,BUCUCSCU
CUrl-CSendEmail-CUrl-DNologon-,CUCSCUDN
CSendEmail-CUrl-DNologon-Blogon-,CSCUDNBl
CUrl-DNologon-Blogon-BUrl-,CUDNBlBU
DNologon-Blogon-BUrl-CUrl-,DNBlBUCU
Blogon-BUrl-CUrl-CSendEmail-,BlBUCUCS
BUrl-CUrl-CSendEmail-CUrl-,BUCUCSCU
CUrl-CSendEmail-CUrl-DUrl-,CUCSCUDU
CSendEmail-CUrl-DUrl-DNologon-,CSCUDUDN
CUrl-DUrl-DNologon-Blogon-,CUDUDNBl
DUrl-DNologon-Blogon-BUrl-,DUDNBlBU
DNologon-Blogon-BUrl-CSendEmail-,DNBlBUCS
Blogon-BUrl-CSendEmail-CUrl-,BlBUCSCU
BUrl-CSendEmail-CUrl-DUrl-,BUCSCUDU
CSendEmail-CUrl-DUrl-DNologon-,CSCUDUDN
CUrl-DUrl-DNologon-Blogon-,CUDUDNBl
DUrl-DNologon-Blogon-BUrl-,DUDNBlBU
DNologon-Blogon-BUrl-CUrl-,DNBlBUCU
Blogon-BUrl-CUrl-DNologon-,BlBUCUDN
BUrl-CUrl-DNologon-Blogon-,BUCUDNBl
CUrl-DNologon-Blogon-BUrl-,CUDNBlBU
DNologon-Blogon-BUrl-BSendEmail-,DNBlBUBS
Blogon-BUrl-BSendEmail-BUrl-,BlBUBSBU
BUrl-BSendEmail-BUrl-CUrl-,BUBSBUCU
BSendEmail-BUrl-CUrl-DNologon-,BSBUCUDN
BUrl-CUrl-DNologon-Blogon-,BUCUDNBl
CUrl-DNologon-Blogon-BUrl-,CUDNBlBU
DNologon-Blogon-BUrl-CUrl-,DNBlBUCU
Blogon-BUrl-CUrl-CSendEmail-,BlBUCUCS
BUrl-CUrl-CSendEmail-CUrl-,BUCUCSCU
CUrl-CSendEmail-CUrl-DNologon-,CUCSCUDN
CSendEmail-CUrl-DNologon-Blogon-,CSCUDNBl
CUrl-DNologon-Blogon-BUrl-,CUDNBlBU
DNologon-Blogon-BUrl-CUrl-,DNBlBUCU
Blogon-BUrl-CUrl-CSendEmail-,BlBUCUCS
BUrl-CUrl-CSendEmail-CUrl-,BUCUCSCU
CUrl-CSendEmail-CUrl-CNologon-,CUCSCUCN
CSendEmail-CUrl-CNologon-Blogon-,CSCUCNBl
CUrl-CNologon-Blogon-BUrl-,CUCNBlBU
CNologon-Blogon-BUrl-CUrl-,CNBlBUCU
Blogon-BUrl-CUrl-CSendEmail-,BlBUCUCS
BUrl-CUrl-CSendEmail-CUrl-,BUCUCSCU
CUrl-CSendEmail-CUrl-DNologon-,CUCSCUDN
CSendEmail-CUrl-DNologon-Blogon-,CSCUDNBl
CUrl-DNologon-Blogon-BUrl-,CUDNBlBU
DNologon-Blogon-BUrl-BSendEmail-,DNBlBUBS
Blogon-BUrl-BSendEmail-CUrl-,BlBUBSCU
BUrl-BSendEmail-CUrl-DNologon-,BUBSCUDN
BSendEmail-CUrl-DNologon-Blogon-,BSCUDNBl
CUrl-DNologon-Blogon-BUrl-,CUDNBlBU
DNologon-Blogon-BUrl-BSendEmail-,DNBlBUBS
Blogon-BUrl-BSendEmail-BUrl-,BlBUBSBU
BUrl-BSendEmail-BUrl-CUrl-,BUBSBUCU
BSendEmail-BUrl-CUrl-CNologon-,BSBUCUCN
BUrl-CUrl-CNologon-Blogon-,BUCUCNBl
CUrl-CNologon-Blogon-BSendEmail-,CUCNBlBS
CNologon-Blogon-BSendEmail-BUrl-,CNBlBSBU
Blogon-BSendEmail-BUrl-CUrl-,BlBSBUCU
BSendEmail-BUrl-CUrl-CNologon-,BSBUCUCN
BUrl-CUrl-CNologon-Blogon-,BUCUCNBl
CUrl-CNologon-Blogon-BUrl-,CUCNBlBU
CNologon-Blogon-BUrl-CUrl-,CNBlBUCU
Blogon-BUrl-CUrl-CSendEmail-,BlBUCUCS
BUrl-CUrl-CSendEmail-CUrl-,BUCUCSCU
CUrl-CSendEmail-CUrl-DNologon-,CUCSCUDN
CSendEmail-CUrl-DNologon-Blogon-,CSCUDNBl
CUrl-DNologon-Blogon-BUrl-,CUDNBlBU
DNologon-Blogon-BUrl-CUrl-,DNBlBUCU
Blogon-BUrl-CUrl-CSendEmail-,BlBUCUCS
BUrl-CUrl-CSendEmail-CUrl-,BUCUCSCU
CUrl-CSendEmail-CUrl-CNologon-,CUCSCUCN
CSendEmail-CUrl-CNologon-Blogon-,CSCUCNBl
CUrl-CNologon-Blogon-BUrl-,CUCNBlBU
CNologon-Blogon-BUrl-CSendEmail-,CNBlBUCS
Blogon-BUrl-CSendEmail-CUrl-,BlBUCSCU
BUrl-CSendEmail-CUrl-CNologon-,BUCSCUCN
CSendEmail-CUrl-CNologon-Blogon-,CSCUCNBl
CUrl-CNologon-Blogon-BUrl-,CUCNBlBU
CNologon-Blogon-BUrl-CUrl-,CNBlBUCU
Blogon-BUrl-CUrl-CSendEmail-,BlBUCUCS
BUrl-CUrl-CSendEmail-CUrl-,BUCUCSCU
CUrl-CSendEmail-CUrl-CNologon-,CUCSCUCN
CSendEmail-CUrl-CNologon-Blogon-,CSCUCNBl
CUrl-CNologon-Blogon-BUrl-,CUCNBlBU
CNologon-Blogon-BUrl-BSendEmail-,CNBlBUBS
Blogon-BUrl-BSendEmail-BUrl-,BlBUBSBU
BUrl-BSendEmail-BUrl-CUrl-,BUBSBUCU
BSendEmail-BUrl-CUrl-CNologon-,BSBUCUCN
BUrl-CUrl-CNologon-Blogon-,BUCUCNBl
CUrl-CNologon-Blogon-BUrl-,CUCNBlBU
CNologon-Blogon-BUrl-CUrl-,CNBlBUCU
Blogon-BUrl-CUrl-CSendEmail-,BlBUCUCS
BUrl-CUrl-CSendEmail-CNologon-,BUCUCSCN
CUrl-CSendEmail-CNologon-Blogon-,CUCSCNBl
CSendEmail-CNologon-Blogon-BSendEmail-,CSCNBlBS
CNologon-Blogon-BSendEmail-BUrl-,CNBlBSBU
Blogon-BSendEmail-BUrl-CUrl-,BlBSBUCU
BSendEmail-BUrl-CUrl-DNologon-,BSBUCUDN
BUrl-CUrl-DNologon-Blogon-,BUCUDNBl
CUrl-DNologon-Blogon-BUrl-,CUDNBlBU
DNologon-Blogon-BUrl-BSendEmail-,DNBlBUBS
Blogon-BUrl-BSendEmail-BUrl-,BlBUBSBU
BUrl-BSendEmail-BUrl-CUrl-,BUBSBUCU
BSendEmail-BUrl-CUrl-DNologon-,BSBUCUDN
BUrl-CUrl-DNologon-Blogon-,BUCUDNBl
CUrl-DNologon-Blogon-BUrl-,CUDNBlBU
DNologon-Blogon-BUrl-BSendEmail-,DNBlBUBS
Blogon-BUrl-BSendEmail-BUrl-,BlBUBSBU
BUrl-BSendEmail-BUrl-CUrl-,BUBSBUCU
BSendEmail-BUrl-CUrl-DNologon-,BSBUCUDN
BUrl-CUrl-DNologon-Blogon-,BUCUDNBl
CUrl-DNologon-Blogon-BUrl-,CUDNBlBU
DNologon-Blogon-BUrl-CUrl-,DNBlBUCU
Blogon-BUrl-CUrl-CSendEmail-,BlBUCUCS
BUrl-CUrl-CSendEmail-CUrl-,BUCUCSCU
CUrl-CSendEmail-CUrl-DNologon-,CUCSCUDN
CSendEmail-CUrl-DNologon-Blogon-,CSCUDNBl
CUrl-DNologon-Blogon-BUrl-,CUDNBlBU
DNologon-Blogon-BUrl-CSendEmail-,DNBlBUCS
Blogon-BUrl-CSendEmail-CSendEmail-,BlBUCSCS
BUrl-CSendEmail-CSendEmail-CUrl-,BUCSCSCU
CSendEmail-CSendEmail-CUrl-DNologon-,CSCSCUDN
CSendEmail-CUrl-DNologon-Blogon-,CSCUDNBl
CUrl-DNologon-Blogon-BUrl-,CUDNBlBU
DNologon-Blogon-BUrl-CSendEmail-,DNBlBUCS
Blogon-BUrl-CSendEmail-CUrl-,BlBUCSCU
BUrl-CSendEmail-CUrl-DNologon-,BUCSCUDN
CSendEmail-CUrl-DNologon-Blogon-,CSCUDNBl
CUrl-DNologon-Blogon-BUrl-,CUDNBlBU
DNologon-Blogon-BUrl-CUrl-,DNBlBUCU
Blogon-BUrl-CUrl-CSendEmail-,BlBUCUCS
BUrl-CUrl-CSendEmail-CUrl-,BUCUCSCU
CUrl-CSendEmail-CUrl-CNologon-,CUCSCUCN
CSendEmail-CUrl-CNologon-Blogon-,CSCUCNBl
CUrl-CNologon-Blogon-BUrl-,CUCNBlBU
CNologon-Blogon-BUrl-CUrl-,CNBlBUCU
Blogon-BUrl-CUrl-CSendEmail-,BlBUCUCS
BUrl-CUrl-CSendEmail-CUrl-,BUCUCSCU
CUrl-CSendEmail-CUrl-CNologon-,CUCSCUCN
CSendEmail-CUrl-CNologon-Blogon-,CSCUCNBl
CUrl-CNologon-Blogon-BSendEmail-,CUCNBlBS
CNologon-Blogon-BSendEmail-BUrl-,CNBlBSBU
Blogon-BSendEmail-BUrl-CUrl-,BlBSBUCU
BSendEmail-BUrl-CUrl-CNologon-,BSBUCUCN
BUrl-CUrl-CNologon-Blogon-,BUCUCNBl
CUrl-CNologon-Blogon-BUrl-,CUCNBlBU
CNologon-Blogon-BUrl-CUrl-,CNBlBUCU
Blogon-BUrl-CUrl-CSendEmail-,BlBUCUCS
BUrl-CUrl-CSendEmail-CUrl-,BUCUCSCU
CUrl-CSendEmail-CUrl-DNologon-,CUCSCUDN
CSendEmail-CUrl-DNologon-Blogon-,CSCUDNBl
CUrl-DNologon-Blogon-BUrl-,CUDNBlBU
DNologon-Blogon-BUrl-BSendEmail-,DNBlBUBS
Blogon-BUrl-BSendEmail-BUrl-,BlBUBSBU
BUrl-BSendEmail-BUrl-CUrl-,BUBSBUCU
BSendEmail-BUrl-CUrl-DNologon-,BSBUCUDN
BUrl-CUrl-DNologon-Blogon-,BUCUDNBl
CUrl-DNologon-Blogon-BUrl-,CUDNBlBU
DNologon-Blogon-BUrl-BSendEmail-,DNBlBUBS
Blogon-BUrl-BSendEmail-CUrl-,BlBUBSCU
BUrl-BSendEmail-CUrl-CSendEmail-,BUBSCUCS
BSendEmail-CUrl-CSendEmail-CUrl-,BSCUCSCU
CUrl-CSendEmail-CUrl-DNologon-,CUCSCUDN
CSendEmail-CUrl-DNologon-Blogon-,CSCUDNBl
CUrl-DNologon-Blogon-BUrl-,CUDNBlBU
DNologon-Blogon-BUrl-CUrl-,DNBlBUCU
Blogon-BUrl-CUrl-CSendEmail-,BlBUCUCS
BUrl-CUrl-CSendEmail-CUrl-,BUCUCSCU
CUrl-CSendEmail-CUrl-CNologon-,CUCSCUCN
CSendEmail-CUrl-CNologon-Blogon-,CSCUCNBl
CUrl-CNologon-Blogon-BUrl-,CUCNBlBU
CNologon-Blogon-BUrl-BSendEmail-,CNBlBUBS
Blogon-BUrl-BSendEmail-CUrl-,BlBUBSCU
BUrl-BSendEmail-CUrl-DNologon-,BUBSCUDN
BSendEmail-CUrl-DNologon-Blogon-,BSCUDNBl
CUrl-DNologon-Blogon-BUrl-,CUDNBlBU
DNologon-Blogon-BUrl-CUrl-,DNBlBUCU
Blogon-BUrl-CUrl-DNologon-,BlBUCUDN
BUrl-CUrl-DNologon-Blogon-,BUCUDNBl
CUrl-DNologon-Blogon-BUrl-,CUDNBlBU
DNologon-Blogon-BUrl-CUrl-,DNBlBUCU
Blogon-BUrl-CUrl-CSendEmail-,BlBUCUCS
BUrl-CUrl-CSendEmail-CUrl-,BUCUCSCU
CUrl-CSendEmail-CUrl-CNologon-,CUCSCUCN
CSendEmail-CUrl-CNologon-Blogon-,CSCUCNBl
CUrl-CNologon-Blogon-BUrl-,CUCNBlBU
CNologon-Blogon-BUrl-BSendEmail-,CNBlBUBS
Blogon-BUrl-BSendEmail-BUrl-,BlBUBSBU
BUrl-BSendEmail-BUrl-CUrl-,BUBSBUCU
BSendEmail-BUrl-CUrl-DNologon-,BSBUCUDN
BUrl-CUrl-DNologon-Blogon-,BUCUDNBl
CUrl-DNologon-Blogon-BUrl-,CUDNBlBU
DNologon-Blogon-BUrl-CUrl-,DNBlBUCU
Blogon-BUrl-CUrl-CSendEmail-,BlBUCUCS
BUrl-CUrl-CSendEmail-CUrl-,BUCUCSCU
CUrl-CSendEmail-CUrl-CNologon-,CUCSCUCN
CSendEmail-CUrl-CNologon-Blogon-,CSCUCNBl
CUrl-CNologon-Blogon-BUrl-,CUCNBlBU
CNologon-Blogon-BUrl-CUrl-,CNBlBUCU
Blogon-BUrl-CUrl-CSendEmail-,BlBUCUCS
BUrl-CUrl-CSendEmail-CUrl-,BUCUCSCU
CUrl-CSendEmail-CUrl-CNologon-,CUCSCUCN
CSendEmail-CUrl-CNologon-Blogon-,CSCUCNBl
CUrl-CNologon-Blogon-BUrl-,CUCNBlBU
CNologon-Blogon-BUrl-CSendEmail-,CNBlBUCS
Blogon-BUrl-CSendEmail-CUrl-,BlBUCSCU
BUrl-CSendEmail-CUrl-DNologon-,BUCSCUDN
CSendEmail-CUrl-DNologon-Blogon-,CSCUDNBl
CUrl-DNologon-Blogon-BUrl-,CUDNBlBU
DNologon-Blogon-BUrl-BSendEmail-,DNBlBUBS
Blogon-BUrl-BSendEmail-BUrl-,BlBUBSBU
BUrl-BSendEmail-BUrl-CUrl-,BUBSBUCU
BSendEmail-BUrl-CUrl-DNologon-,BSBUCUDN
BUrl-CUrl-DNologon-Blogon-,BUCUDNBl
CUrl-DNologon-Blogon-BUrl-,CUDNBlBU
DNologon-Blogon-BUrl-CUrl-,DNBlBUCU
Blogon-BUrl-CUrl-CSendEmail-,BlBUCUCS
BUrl-CUrl-CSendEmail-CUrl-,BUCUCSCU
CUrl-CSendEmail-CUrl-DNologon-,CUCSCUDN
CSendEmail-CUrl-DNologon-Blogon-,CSCUDNBl
CUrl-DNologon-Blogon-BUrl-,CUDNBlBU
DNologon-Blogon-BUrl-CUrl-,DNBlBUCU
Blogon-BUrl-CUrl-CSendEmail-,BlBUCUCS
BUrl-CUrl-CSendEmail-CNologon-,BUCUCSCN
CUrl-CSendEmail-CNologon-Blogon-,CUCSCNBl
CSendEmail-CNologon-Blogon-BUrl-,CSCNBlBU
CNologon-Blogon-BUrl-CUrl-,CNBlBUCU
Blogon-BUrl-CUrl-CSendEmail-,BlBUCUCS
BUrl-CUrl-CSendEmail-CUrl-,BUCUCSCU
CUrl-CSendEmail-CUrl-DNologon-,CUCSCUDN
CSendEmail-CUrl-DNologon-Blogon-,CSCUDNBl
CUrl-DNologon-Blogon-BUrl-,CUDNBlBU
DNologon-Blogon-BUrl-CUrl-,DNBlBUCU
Blogon-BUrl-CUrl-CSendEmail-,BlBUCUCS
BUrl-CUrl-CSendEmail-DNologon-,BUCUCSDN
CUrl-CSendEmail-DNologon-Blogon-,CUCSDNBl
CSendEmail-DNologon-Blogon-BUrl-,CSDNBlBU
DNologon-Blogon-BUrl-CUrl-,DNBlBUCU
Blogon-BUrl-CUrl-CSendEmail-,BlBUCUCS
BUrl-CUrl-CSendEmail-CUrl-,BUCUCSCU
CUrl-CSendEmail-CUrl-DNologon-,CUCSCUDN
CSendEmail-CUrl-DNologon-Blogon-,CSCUDNBl
CUrl-DNologon-Blogon-BUrl-,CUDNBlBU
DNologon-Blogon-BUrl-CUrl-,DNBlBUCU
Blogon-BUrl-CUrl-DSendEmail-,BlBUCUDS
BUrl-CUrl-DSendEmail-DNologon-,BUCUDSDN
CUrl-DSendEmail-DNologon-Blogon-,CUDSDNBl
DSendEmail-DNologon-Blogon-BUrl-,DSDNBlBU
DNologon-Blogon-BUrl-CUrl-,DNBlBUCU
Blogon-BUrl-CUrl-CSendEmail-,BlBUCUCS
BUrl-CUrl-CSendEmail-CUrl-,BUCUCSCU
CUrl-CSendEmail-CUrl-CNologon-,CUCSCUCN
CSendEmail-CUrl-CNologon-Blogon-,CSCUCNBl
CUrl-CNologon-Blogon-BUrl-,CUCNBlBU
CNologon-Blogon-BUrl-BSendEmail-,CNBlBUBS
Blogon-BUrl-BSendEmail-CUrl-,BlBUBSCU
BUrl-BSendEmail-CUrl-DNologon-,BUBSCUDN
BSendEmail-CUrl-DNologon-Blogon-,BSCUDNBl
CUrl-DNologon-Blogon-BUrl-,CUDNBlBU
DNologon-Blogon-BUrl-CUrl-,DNBlBUCU
Blogon-BUrl-CUrl-CSendEmail-,BlBUCUCS
BUrl-CUrl-CSendEmail-CUrl-,BUCUCSCU
CUrl-CSendEmail-CUrl-CNologon-,CUCSCUCN
CSendEmail-CUrl-CNologon-Blogon-,CSCUCNBl
CUrl-CNologon-Blogon-BUrl-,CUCNBlBU
CNologon-Blogon-BUrl-BSendEmail-,CNBlBUBS
Blogon-BUrl-BSendEmail-CUrl-,BlBUBSCU
BUrl-BSendEmail-CUrl-DUrl-,BUBSCUDU
BSendEmail-CUrl-DUrl-DNologon-,BSCUDUDN
CUrl-DUrl-DNologon-Blogon-,CUDUDNBl
DUrl-DNologon-Blogon-BUrl-,DUDNBlBU
DNologon-Blogon-BUrl-BSendEmail-,DNBlBUBS
Blogon-BUrl-BSendEmail-BUrl-,BlBUBSBU
BUrl-BSendEmail-BUrl-CUrl-,BUBSBUCU
BSendEmail-BUrl-CUrl-DNologon-,BSBUCUDN
BUrl-CUrl-DNologon-Blogon-,BUCUDNBl
CUrl-DNologon-Blogon-BUrl-,CUDNBlBU
DNologon-Blogon-BUrl-CUrl-,DNBlBUCU
Blogon-BUrl-CUrl-CSendEmail-,BlBUCUCS
BUrl-CUrl-CSendEmail-CUrl-,BUCUCSCU
CUrl-CSendEmail-CUrl-DNologon-,CUCSCUDN
CSendEmail-CUrl-DNologon-Blogon-,CSCUDNBl
CUrl-DNologon-Blogon-BUrl-,CUDNBlBU
DNologon-Blogon-BUrl-BSendEmail-,DNBlBUBS
Blogon-BUrl-BSendEmail-BUrl-,BlBUBSBU
BUrl-BSendEmail-BUrl-CUrl-,BUBSBUCU
BSendEmail-BUrl-CUrl-CNologon-,BSBUCUCN
BUrl-CUrl-CNologon-Blogon-,BUCUCNBl
CUrl-CNologon-Blogon-BSendEmail-,CUCNBlBS
CNologon-Blogon-BSendEmail-BUrl-,CNBlBSBU
Blogon-BSendEmail-BUrl-CUrl-,BlBSBUCU
BSendEmail-BUrl-CUrl-CNologon-,BSBUCUCN
BUrl-CUrl-CNologon-Blogon-,BUCUCNBl
CUrl-CNologon-Blogon-BUrl-,CUCNBlBU
CNologon-Blogon-BUrl-CSendEmail-,CNBlBUCS
Blogon-BUrl-CSendEmail-CUrl-,BlBUCSCU
BUrl-CSendEmail-CUrl-DNologon-,BUCSCUDN
CSendEmail-CUrl-DNologon-Blogon-,CSCUDNBl
CUrl-DNologon-Blogon-BUrl-,CUDNBlBU
DNologon-Blogon-BUrl-CUrl-,DNBlBUCU
Blogon-BUrl-CUrl-CSendEmail-,BlBUCUCS
BUrl-CUrl-CSendEmail-CUrl-,BUCUCSCU
CUrl-CSendEmail-CUrl-DUrl-,CUCSCUDU
CSendEmail-CUrl-DUrl-DNologon-,CSCUDUDN
CUrl-DUrl-DNologon-Blogon-,CUDUDNBl
DUrl-DNologon-Blogon-BUrl-,DUDNBlBU
DNologon-Blogon-BUrl-CUrl-,DNBlBUCU
Blogon-BUrl-CUrl-CSendEmail-,BlBUCUCS
BUrl-CUrl-CSendEmail-CUrl-,BUCUCSCU
CUrl-CSendEmail-CUrl-CNologon-,CUCSCUCN
CSendEmail-CUrl-CNologon-Blogon-,CSCUCNBl
CUrl-CNologon-Blogon-BUrl-,CUCNBlBU
CNologon-Blogon-BUrl-BSendEmail-,CNBlBUBS
Blogon-BUrl-BSendEmail-BUrl-,BlBUBSBU
BUrl-BSendEmail-BUrl-CUrl-,BUBSBUCU
BSendEmail-BUrl-CUrl-DUrl-,BSBUCUDU
BUrl-CUrl-DUrl-DNologon-,BUCUDUDN
CUrl-DUrl-DNologon-Blogon-,CUDUDNBl
DUrl-DNologon-Blogon-BUrl-,DUDNBlBU
DNologon-Blogon-BUrl-BSendEmail-,DNBlBUBS
Blogon-BUrl-BSendEmail-BUrl-,BlBUBSBU
BUrl-BSendEmail-BUrl-CUrl-,BUBSBUCU
BSendEmail-BUrl-CUrl-DNologon-,BSBUCUDN
BUrl-CUrl-DNologon-Blogon-,BUCUDNBl
CUrl-DNologon-Blogon-BUrl-,CUDNBlBU
DNologon-Blogon-BUrl-BSendEmail-,DNBlBUBS
Blogon-BUrl-BSendEmail-CUrl-,BlBUBSCU
BUrl-BSendEmail-CUrl-DNologon-,BUBSCUDN
BSendEmail-CUrl-DNologon-Blogon-,BSCUDNBl
CUrl-DNologon-Blogon-BUrl-,CUDNBlBU
DNologon-Blogon-BUrl-CUrl-,DNBlBUCU
Blogon-BUrl-CUrl-CSendEmail-,BlBUCUCS
BUrl-CUrl-CSendEmail-CUrl-,BUCUCSCU
CUrl-CSendEmail-CUrl-DNologon-,CUCSCUDN
CSendEmail-CUrl-DNologon-Blogon-,CSCUDNBl
CUrl-DNologon-Blogon-BUrl-,CUDNBlBU
DNologon-Blogon-BUrl-CUrl-,DNBlBUCU
Blogon-BUrl-CUrl-CSendEmail-,BlBUCUCS
BUrl-CUrl-CSendEmail-CUrl-,BUCUCSCU
CUrl-CSendEmail-CUrl-DUrl-,CUCSCUDU
CSendEmail-CUrl-DUrl-DNologon-,CSCUDUDN
CUrl-DUrl-DNologon-Blogon-,CUDUDNBl
DUrl-DNologon-Blogon-BUrl-,DUDNBlBU
DNologon-Blogon-BUrl-CUrl-,DNBlBUCU
Blogon-BUrl-CUrl-CSendEmail-,BlBUCUCS
BUrl-CUrl-CSendEmail-CUrl-,BUCUCSCU
CUrl-CSendEmail-CUrl-CNologon-,CUCSCUCN
CSendEmail-CUrl-CNologon-Blogon-,CSCUCNBl
CUrl-CNologon-Blogon-BUrl-,CUCNBlBU
CNologon-Blogon-BUrl-CUrl-,CNBlBUCU
Blogon-BUrl-CUrl-DNologon-,BlBUCUDN
BUrl-CUrl-DNologon-Blogon-,BUCUDNBl
CUrl-DNologon-Blogon-BUrl-,CUDNBlBU
DNologon-Blogon-BUrl-BSendEmail-,DNBlBUBS
Blogon-BUrl-BSendEmail-BUrl-,BlBUBSBU
BUrl-BSendEmail-BUrl-CUrl-,BUBSBUCU
BSendEmail-BUrl-CUrl-DNologon-,BSBUCUDN
BUrl-CUrl-DNologon-Blogon-,BUCUDNBl
CUrl-DNologon-Blogon-BUrl-,CUDNBlBU
DNologon-Blogon-BUrl-CUrl-,DNBlBUCU
Blogon-BUrl-CUrl-CSendEmail-,BlBUCUCS
BUrl-CUrl-CSendEmail-CUrl-,BUCUCSCU
CUrl-CSendEmail-CUrl-DNologon-,CUCSCUDN
CSendEmail-CUrl-DNologon-Blogon-,CSCUDNBl
CUrl-DNologon-Blogon-BSendEmail-,CUDNBlBS
DNologon-Blogon-BSendEmail-BUrl-,DNBlBSBU
Blogon-BSendEmail-BUrl-CUrl-,BlBSBUCU
BSendEmail-BUrl-CUrl-CNologon-,BSBUCUCN
BUrl-CUrl-CNologon-Blogon-,BUCUCNBl
CUrl-CNologon-Blogon-BUrl-,CUCNBlBU
CNologon-Blogon-BUrl-CUrl-,CNBlBUCU
Blogon-BUrl-CUrl-CSendEmail-,BlBUCUCS
BUrl-CUrl-CSendEmail-CUrl-,BUCUCSCU
CUrl-CSendEmail-CUrl-CNologon-,CUCSCUCN
CSendEmail-CUrl-CNologon-Blogon-,CSCUCNBl
CUrl-CNologon-Blogon-BUrl-,CUCNBlBU
CNologon-Blogon-BUrl-CUrl-,CNBlBUCU
Blogon-BUrl-CUrl-CSendEmail-,BlBUCUCS
BUrl-CUrl-CSendEmail-CUrl-,BUCUCSCU
CUrl-CSendEmail-CUrl-DNologon-,CUCSCUDN
CSendEmail-CUrl-DNologon-Blogon-,CSCUDNBl
CUrl-DNologon-Blogon-BUrl-,CUDNBlBU
DNologon-Blogon-BUrl-CUrl-,DNBlBUCU
Blogon-BUrl-CUrl-CSendEmail-,BlBUCUCS
BUrl-CUrl-CSendEmail-CUrl-,BUCUCSCU
CUrl-CSendEmail-CUrl-DNologon-,CUCSCUDN
CSendEmail-CUrl-DNologon-Blogon-,CSCUDNBl
CUrl-DNologon-Blogon-BSendEmail-,CUDNBlBS
DNologon-Blogon-BSendEmail-BUrl-,DNBlBSBU
Blogon-BSendEmail-BUrl-CUrl-,BlBSBUCU
BSendEmail-BUrl-CUrl-DNologon-,BSBUCUDN
BUrl-CUrl-DNologon-Blogon-,BUCUDNBl
CUrl-DNologon-Blogon-BUrl-,CUDNBlBU
DNologon-Blogon-BUrl-CUrl-,DNBlBUCU
Blogon-BUrl-CUrl-CSendEmail-,BlBUCUCS
BUrl-CUrl-CSendEmail-CUrl-,BUCUCSCU
CUrl-CSendEmail-CUrl-DNologon-,CUCSCUDN
CSendEmail-CUrl-DNologon-Blogon-,CSCUDNBl
CUrl-DNologon-Blogon-CSendEmail-,CUDNBlCS
DNologon-Blogon-CSendEmail-CUrl-,DNBlCSCU
Blogon-CSendEmail-CUrl-DNologon-,BlCSCUDN
CSendEmail-CUrl-DNologon-Blogon-,CSCUDNBl
CUrl-DNologon-Blogon-BUrl-,CUDNBlBU
DNologon-Blogon-BUrl-BSendEmail-,DNBlBUBS
Blogon-BUrl-BSendEmail-CUrl-,BlBUBSCU
BUrl-BSendEmail-CUrl-DUrl-,BUBSCUDU
BSendEmail-CUrl-DUrl-DNologon-,BSCUDUDN
CUrl-DUrl-DNologon-Blogon-,CUDUDNBl
DUrl-DNologon-Blogon-BUrl-,DUDNBlBU
DNologon-Blogon-BUrl-CUrl-,DNBlBUCU
Blogon-BUrl-CUrl-CSendEmail-,BlBUCUCS
BUrl-CUrl-CSendEmail-CNologon-,BUCUCSCN
CUrl-CSendEmail-CNologon-Blogon-,CUCSCNBl
CSendEmail-CNologon-Blogon-BUrl-,CSCNBlBU
CNologon-Blogon-BUrl-BSendEmail-,CNBlBUBS
Blogon-BUrl-BSendEmail-BUrl-,BlBUBSBU
BUrl-BSendEmail-BUrl-CUrl-,BUBSBUCU
BSendEmail-BUrl-CUrl-DNologon-,BSBUCUDN
BUrl-CUrl-DNologon-Blogon-,BUCUDNBl
CUrl-DNologon-Blogon-BUrl-,CUDNBlBU
DNologon-Blogon-BUrl-BSendEmail-,DNBlBUBS
Blogon-BUrl-BSendEmail-CUrl-,BlBUBSCU
BUrl-BSendEmail-CUrl-CNologon-,BUBSCUCN
BSendEmail-CUrl-CNologon-Blogon-,BSCUCNBl
CUrl-CNologon-Blogon-BUrl-,CUCNBlBU
CNologon-Blogon-BUrl-CUrl-,CNBlBUCU
Blogon-BUrl-CUrl-CSendEmail-,BlBUCUCS
BUrl-CUrl-CSendEmail-CUrl-,BUCUCSCU
CUrl-CSendEmail-CUrl-DUrl-,CUCSCUDU
CSendEmail-CUrl-DUrl-DNologon-,CSCUDUDN
CUrl-DUrl-DNologon-Blogon-,CUDUDNBl
DUrl-DNologon-Blogon-BUrl-,DUDNBlBU
DNologon-Blogon-BUrl-CUrl-,DNBlBUCU
Blogon-BUrl-CUrl-CSendEmail-,BlBUCUCS
BUrl-CUrl-CSendEmail-CUrl-,BUCUCSCU
CUrl-CSendEmail-CUrl-CNologon-,CUCSCUCN
CSendEmail-CUrl-CNologon-Blogon-,CSCUCNBl
CUrl-CNologon-Blogon-BUrl-,CUCNBlBU
CNologon-Blogon-BUrl-CUrl-,CNBlBUCU
Blogon-BUrl-CUrl-CSendEmail-,BlBUCUCS
BUrl-CUrl-CSendEmail-CUrl-,BUCUCSCU
CUrl-CSendEmail-CUrl-CNologon-,CUCSCUCN
CSendEmail-CUrl-CNologon-Blogon-,CSCUCNBl
CUrl-CNologon-Blogon-BUrl-,CUCNBlBU
CNologon-Blogon-BUrl-CUrl-,CNBlBUCU
Blogon-BUrl-CUrl-CSendEmail-,BlBUCUCS
BUrl-CUrl-CSendEmail-CUrl-,BUCUCSCU
CUrl-CSendEmail-CUrl-DNologon-,CUCSCUDN
CSendEmail-CUrl-DNologon-Blogon-,CSCUDNBl
CUrl-DNologon-Blogon-BSendEmail-,CUDNBlBS
DNologon-Blogon-BSendEmail-BUrl-,DNBlBSBU
Blogon-BSendEmail-BUrl-CUrl-,BlBSBUCU
BSendEmail-BUrl-CUrl-CNologon-,BSBUCUCN
BUrl-CUrl-CNologon-Blogon-,BUCUCNBl
CUrl-CNologon-Blogon-BUrl-,CUCNBlBU
CNologon-Blogon-BUrl-CUrl-,CNBlBUCU
Blogon-BUrl-CUrl-CSendEmail-,BlBUCUCS
BUrl-CUrl-CSendEmail-CUrl-,BUCUCSCU
CUrl-CSendEmail-CUrl-DNologon-,CUCSCUDN
CSendEmail-CUrl-DNologon-Blogon-,CSCUDNBl
CUrl-DNologon-Blogon-BUrl-,CUDNBlBU
DNologon-Blogon-BUrl-CUrl-,DNBlBUCU
Blogon-BUrl-CUrl-DUrl-,BlBUCUDU
BUrl-CUrl-DUrl-DSendEmail-,BUCUDUDS
CUrl-DUrl-DSendEmail-DNologon-,CUDUDSDN
DUrl-DSendEmail-DNologon-Blogon-,DUDSDNBl
DSendEmail-DNologon-Blogon-BUrl-,DSDNBlBU
DNologon-Blogon-BUrl-CSendEmail-,DNBlBUCS
Blogon-BUrl-CSendEmail-CUrl-,BlBUCSCU
BUrl-CSendEmail-CUrl-DUrl-,BUCSCUDU
CSendEmail-CUrl-DUrl-DNologon-,CSCUDUDN
CUrl-DUrl-DNologon-Blogon-,CUDUDNBl
DUrl-DNologon-Blogon-BUrl-,DUDNBlBU
DNologon-Blogon-BUrl-BSendEmail-,DNBlBUBS
Blogon-BUrl-BSendEmail-BUrl-,BlBUBSBU
BUrl-BSendEmail-BUrl-CUrl-,BUBSBUCU
BSendEmail-BUrl-CUrl-DUrl-,BSBUCUDU
BUrl-CUrl-DUrl-DNologon-,BUCUDUDN
CUrl-DUrl-DNologon-Blogon-,CUDUDNBl
DUrl-DNologon-Blogon-BUrl-,DUDNBlBU
DNologon-Blogon-BUrl-CUrl-,DNBlBUCU
Blogon-BUrl-CUrl-CSendEmail-,BlBUCUCS
BUrl-CUrl-CSendEmail-CUrl-,BUCUCSCU
CUrl-CSendEmail-CUrl-DNologon-,CUCSCUDN
CSendEmail-CUrl-DNologon-Blogon-,CSCUDNBl
CUrl-DNologon-Blogon-BUrl-,CUDNBlBU
DNologon-Blogon-BUrl-CUrl-,DNBlBUCU
Blogon-BUrl-CUrl-CSendEmail-,BlBUCUCS
BUrl-CUrl-CSendEmail-CUrl-,BUCUCSCU
CUrl-CSendEmail-CUrl-DUrl-,CUCSCUDU
CSendEmail-CUrl-DUrl-DNologon-,CSCUDUDN
CUrl-DUrl-DNologon-Blogon-,CUDUDNBl
DUrl-DNologon-Blogon-BUrl-,DUDNBlBU
DNologon-Blogon-BUrl-CUrl-,DNBlBUCU
Blogon-BUrl-CUrl-CSendEmail-,BlBUCUCS
BUrl-CUrl-CSendEmail-CUrl-,BUCUCSCU
CUrl-CSendEmail-CUrl-CNologon-,CUCSCUCN
CSendEmail-CUrl-CNologon-Blogon-,CSCUCNBl
CUrl-CNologon-Blogon-BUrl-,CUCNBlBU
CNologon-Blogon-BUrl-CSendEmail-,CNBlBUCS
Blogon-BUrl-CSendEmail-CUrl-,BlBUCSCU
BUrl-CSendEmail-CUrl-CNologon-,BUCSCUCN
CSendEmail-CUrl-CNologon-Blogon-,CSCUCNBl
CUrl-CNologon-Blogon-DNologon-,CUCNBlDN
CNologon-Blogon-DNologon-Blogon-,CNBlDNBl
Blogon-DNologon-Blogon-BUrl-,BlDNBlBU
DNologon-Blogon-BUrl-BSendEmail-,DNBlBUBS
Blogon-BUrl-BSendEmail-BUrl-,BlBUBSBU
BUrl-BSendEmail-BUrl-CUrl-,BUBSBUCU
BSendEmail-BUrl-CUrl-CNologon-,BSBUCUCN
BUrl-CUrl-CNologon-Blogon-,BUCUCNBl
CUrl-CNologon-Blogon-BUrl-,CUCNBlBU
CNologon-Blogon-BUrl-BSendEmail-,CNBlBUBS
Blogon-BUrl-BSendEmail-CUrl-,BlBUBSCU
BUrl-BSendEmail-CUrl-DUrl-,BUBSCUDU
BSendEmail-CUrl-DUrl-DNologon-,BSCUDUDN
CUrl-DUrl-DNologon-Blogon-,CUDUDNBl
DUrl-DNologon-Blogon-BUrl-,DUDNBlBU
DNologon-Blogon-BUrl-BSendEmail-,DNBlBUBS
Blogon-BUrl-BSendEmail-BUrl-,BlBUBSBU
BUrl-BSendEmail-BUrl-CUrl-,BUBSBUCU
BSendEmail-BUrl-CUrl-DNologon-,BSBUCUDN
BUrl-CUrl-DNologon-Blogon-,BUCUDNBl
CUrl-DNologon-Blogon-BUrl-,CUDNBlBU
DNologon-Blogon-BUrl-CUrl-,DNBlBUCU
Blogon-BUrl-CUrl-CSendEmail-,BlBUCUCS
BUrl-CUrl-CSendEmail-CNologon-,BUCUCSCN
CUrl-CSendEmail-CNologon-Blogon-,CUCSCNBl
CSendEmail-CNologon-Blogon-BUrl-,CSCNBlBU
CNologon-Blogon-BUrl-CUrl-,CNBlBUCU
Blogon-BUrl-CUrl-CSendEmail-,BlBUCUCS
BUrl-CUrl-CSendEmail-CUrl-,BUCUCSCU
CUrl-CSendEmail-CUrl-DNologon-,CUCSCUDN
CSendEmail-CUrl-DNologon-Blogon-,CSCUDNBl
CUrl-DNologon-Blogon-BUrl-,CUDNBlBU
DNologon-Blogon-BUrl-CUrl-,DNBlBUCU
Blogon-BUrl-CUrl-CSendEmail-,BlBUCUCS
BUrl-CUrl-CSendEmail-CUrl-,BUCUCSCU
CUrl-CSendEmail-CUrl-CNologon-,CUCSCUCN
CSendEmail-CUrl-CNologon-Blogon-,CSCUCNBl
CUrl-CNologon-Blogon-BUrl-,CUCNBlBU
CNologon-Blogon-BUrl-BSendEmail-,CNBlBUBS
Blogon-BUrl-BSendEmail-BUrl-,BlBUBSBU
BUrl-BSendEmail-BUrl-CUrl-,BUBSBUCU
BSendEmail-BUrl-CUrl-CNologon-,BSBUCUCN
BUrl-CUrl-CNologon-Blogon-,BUCUCNBl
CUrl-CNologon-Blogon-BUrl-,CUCNBlBU
CNologon-Blogon-BUrl-BSendEmail-,CNBlBUBS
Blogon-BUrl-BSendEmail-CUrl-,BlBUBSCU
BUrl-BSendEmail-CUrl-DUrl-,BUBSCUDU
BSendEmail-CUrl-DUrl-DNologon-,BSCUDUDN
CUrl-DUrl-DNologon-Blogon-,CUDUDNBl
DUrl-DNologon-Blogon-BUrl-,DUDNBlBU
DNologon-Blogon-BUrl-CUrl-,DNBlBUCU
Blogon-BUrl-CUrl-DSendEmail-,BlBUCUDS
BUrl-CUrl-DSendEmail-DUrl-,BUCUDSDU
CUrl-DSendEmail-DUrl-DNologon-,CUDSDUDN
DSendEmail-DUrl-DNologon-Blogon-,DSDUDNBl
DUrl-DNologon-Blogon-BSendEmail-,DUDNBlBS
DNologon-Blogon-BSendEmail-BUrl-,DNBlBSBU
Blogon-BSendEmail-BUrl-CUrl-,BlBSBUCU
BSendEmail-BUrl-CUrl-CSendEmail-,BSBUCUCS
BUrl-CUrl-CSendEmail-CUrl-,BUCUCSCU
CUrl-CSendEmail-CUrl-CNologon-,CUCSCUCN
CSendEmail-CUrl-CNologon-Blogon-,CSCUCNBl
CUrl-CNologon-Blogon-BUrl-,CUCNBlBU
CNologon-Blogon-BUrl-CUrl-,CNBlBUCU
Blogon-BUrl-CUrl-CSendEmail-,BlBUCUCS
BUrl-CUrl-CSendEmail-CUrl-,BUCUCSCU
CUrl-CSendEmail-CUrl-DNologon-,CUCSCUDN
CSendEmail-CUrl-DNologon-Blogon-,CSCUDNBl
CUrl-DNologon-Blogon-BSendEmail-,CUDNBlBS
DNologon-Blogon-BSendEmail-BUrl-,DNBlBSBU
Blogon-BSendEmail-BUrl-BSendEmail-,BlBSBUBS
BSendEmail-BUrl-BSendEmail-BUrl-,BSBUBSBU
BUrl-BSendEmail-BUrl-CUrl-,BUBSBUCU
BSendEmail-BUrl-CUrl-DNologon-,BSBUCUDN
BUrl-CUrl-DNologon-Blogon-,BUCUDNBl
CUrl-DNologon-Blogon-BUrl-,CUDNBlBU
DNologon-Blogon-BUrl-BSendEmail-,DNBlBUBS
Blogon-BUrl-BSendEmail-CUrl-,BlBUBSCU
BUrl-BSendEmail-CUrl-DUrl-,BUBSCUDU
BSendEmail-CUrl-DUrl-DNologon-,BSCUDUDN
CUrl-DUrl-DNologon-Blogon-,CUDUDNBl
DUrl-DNologon-Blogon-BSendEmail-,DUDNBlBS
DNologon-Blogon-BSendEmail-BUrl-,DNBlBSBU
Blogon-BSendEmail-BUrl-CUrl-,BlBSBUCU
BSendEmail-BUrl-CUrl-DNologon-,BSBUCUDN
BUrl-CUrl-DNologon-Blogon-,BUCUDNBl
CUrl-DNologon-Blogon-BUrl-,CUDNBlBU
DNologon-Blogon-BUrl-CUrl-,DNBlBUCU
Blogon-BUrl-CUrl-CSendEmail-,BlBUCUCS
BUrl-CUrl-CSendEmail-CUrl-,BUCUCSCU
CUrl-CSendEmail-CUrl-DUrl-,CUCSCUDU
CSendEmail-CUrl-DUrl-DNologon-,CSCUDUDN
CUrl-DUrl-DNologon-Blogon-,CUDUDNBl
DUrl-DNologon-Blogon-BUrl-,DUDNBlBU
DNologon-Blogon-BUrl-CUrl-,DNBlBUCU
Blogon-BUrl-CUrl-CSendEmail-,BlBUCUCS
BUrl-CUrl-CSendEmail-CUrl-,BUCUCSCU
CUrl-CSendEmail-CUrl-DNologon-,CUCSCUDN
CSendEmail-CUrl-DNologon-Blogon-,CSCUDNBl
CUrl-DNologon-Blogon-BSendEmail-,CUDNBlBS
DNologon-Blogon-BSendEmail-BUrl-,DNBlBSBU
Blogon-BSendEmail-BUrl-CUrl-,BlBSBUCU
BSendEmail-BUrl-CUrl-CSendEmail-,BSBUCUCS
BUrl-CUrl-CSendEmail-CUrl-,BUCUCSCU
CUrl-CSendEmail-CUrl-CNologon-,CUCSCUCN
CSendEmail-CUrl-CNologon-Blogon-,CSCUCNBl
CUrl-CNologon-Blogon-BUrl-,CUCNBlBU
CNologon-Blogon-BUrl-BSendEmail-,CNBlBUBS
Blogon-BUrl-BSendEmail-BUrl-,BlBUBSBU
BUrl-BSendEmail-BUrl-CUrl-,BUBSBUCU
BSendEmail-BUrl-CUrl-CNologon-,BSBUCUCN
BUrl-CUrl-CNologon-Blogon-,BUCUCNBl
CUrl-CNologon-Blogon-BSendEmail-,CUCNBlBS
CNologon-Blogon-BSendEmail-BUrl-,CNBlBSBU
Blogon-BSendEmail-BUrl-CUrl-,BlBSBUCU
BSendEmail-BUrl-CUrl-DNologon-,BSBUCUDN
BUrl-CUrl-DNologon-Blogon-,BUCUDNBl
CUrl-DNologon-Blogon-BUrl-,CUDNBlBU
DNologon-Blogon-BUrl-CUrl-,DNBlBUCU
Blogon-BUrl-CUrl-CSendEmail-,BlBUCUCS
BUrl-CUrl-CSendEmail-CUrl-,BUCUCSCU
CUrl-CSendEmail-CUrl-DUrl-,CUCSCUDU
CSendEmail-CUrl-DUrl-DNologon-,CSCUDUDN
CUrl-DUrl-DNologon-Blogon-,CUDUDNBl
DUrl-DNologon-Blogon-BUrl-,DUDNBlBU
DNologon-Blogon-BUrl-CUrl-,DNBlBUCU
Blogon-BUrl-CUrl-DSendEmail-,BlBUCUDS
BUrl-CUrl-DSendEmail-DNologon-,BUCUDSDN
CUrl-DSendEmail-DNologon-Blogon-,CUDSDNBl
DSendEmail-DNologon-Blogon-BUrl-,DSDNBlBU
DNologon-Blogon-BUrl-CUrl-,DNBlBUCU
Blogon-BUrl-CUrl-CSendEmail-,BlBUCUCS
BUrl-CUrl-CSendEmail-CUrl-,BUCUCSCU
CUrl-CSendEmail-CUrl-DNologon-,CUCSCUDN
CSendEmail-CUrl-DNologon-Blogon-,CSCUDNBl
CUrl-DNologon-Blogon-BUrl-,CUDNBlBU
DNologon-Blogon-BUrl-CUrl-,DNBlBUCU
Blogon-BUrl-CUrl-CSendEmail-,BlBUCUCS
BUrl-CUrl-CSendEmail-CNologon-,BUCUCSCN
CUrl-CSendEmail-CNologon-Blogon-,CUCSCNBl
CSendEmail-CNologon-Blogon-BUrl-,CSCNBlBU
CNologon-Blogon-BUrl-CUrl-,CNBlBUCU
Blogon-BUrl-CUrl-CSendEmail-,BlBUCUCS
BUrl-CUrl-CSendEmail-CUrl-,BUCUCSCU
CUrl-CSendEmail-CUrl-DNologon-,CUCSCUDN
CSendEmail-CUrl-DNologon-Blogon-,CSCUDNBl
CUrl-DNologon-Blogon-BUrl-,CUDNBlBU
DNologon-Blogon-BUrl-CUrl-,DNBlBUCU
Blogon-BUrl-CUrl-CSendEmail-,BlBUCUCS
BUrl-CUrl-CSendEmail-CUrl-,BUCUCSCU
CUrl-CSendEmail-CUrl-DNologon-,CUCSCUDN
CSendEmail-CUrl-DNologon-Blogon-,CSCUDNBl
CUrl-DNologon-Blogon-BUrl-,CUDNBlBU
DNologon-Blogon-BUrl-CSendEmail-,DNBlBUCS
Blogon-BUrl-CSendEmail-CUrl-,BlBUCSCU
BUrl-CSendEmail-CUrl-DNologon-,BUCSCUDN
CSendEmail-CUrl-DNologon-Blogon-,CSCUDNBl
CUrl-DNologon-Blogon-BUrl-,CUDNBlBU
DNologon-Blogon-BUrl-CUrl-,DNBlBUCU
Blogon-BUrl-CUrl-CSendEmail-,BlBUCUCS
BUrl-CUrl-CSendEmail-CUrl-,BUCUCSCU
CUrl-CSendEmail-CUrl-DNologon-,CUCSCUDN
CSendEmail-CUrl-DNologon-Blogon-,CSCUDNBl
CUrl-DNologon-Blogon-BUrl-,CUDNBlBU
DNologon-Blogon-BUrl-BSendEmail-,DNBlBUBS
Blogon-BUrl-BSendEmail-BUrl-,BlBUBSBU
BUrl-BSendEmail-BUrl-CUrl-,BUBSBUCU
BSendEmail-BUrl-CUrl-CNologon-,BSBUCUCN
BUrl-CUrl-CNologon-Blogon-,BUCUCNBl
CUrl-CNologon-Blogon-BSendEmail-,CUCNBlBS
CNologon-Blogon-BSendEmail-BUrl-,CNBlBSBU
Blogon-BSendEmail-BUrl-CUrl-,BlBSBUCU
BSendEmail-BUrl-CUrl-DNologon-,BSBUCUDN
BUrl-CUrl-DNologon-Blogon-,BUCUDNBl
CUrl-DNologon-Blogon-BUrl-,CUDNBlBU
DNologon-Blogon-BUrl-BSendEmail-,DNBlBUBS
Blogon-BUrl-BSendEmail-CUrl-,BlBUBSCU
BUrl-BSendEmail-CUrl-CNologon-,BUBSCUCN
BSendEmail-CUrl-CNologon-Blogon-,BSCUCNBl
CUrl-CNologon-Blogon-BSendEmail-,CUCNBlBS
CNologon-Blogon-BSendEmail-BUrl-,CNBlBSBU
Blogon-BSendEmail-BUrl-CUrl-,BlBSBUCU
BSendEmail-BUrl-CUrl-CNologon-,BSBUCUCN
BUrl-CUrl-CNologon-Blogon-,BUCUCNBl
CUrl-CNologon-Blogon-BUrl-,CUCNBlBU
CNologon-Blogon-BUrl-BSendEmail-,CNBlBUBS
Blogon-BUrl-BSendEmail-BUrl-,BlBUBSBU
BUrl-BSendEmail-BUrl-CUrl-,BUBSBUCU
BSendEmail-BUrl-CUrl-DNologon-,BSBUCUDN
BUrl-CUrl-DNologon-Blogon-,BUCUDNBl
CUrl-DNologon-Blogon-BUrl-,CUDNBlBU
DNologon-Blogon-BUrl-BSendEmail-,DNBlBUBS
Blogon-BUrl-BSendEmail-BUrl-,BlBUBSBU
BUrl-BSendEmail-BUrl-CUrl-,BUBSBUCU
BSendEmail-BUrl-CUrl-DNologon-,BSBUCUDN
BUrl-CUrl-DNologon-Blogon-,BUCUDNBl
CUrl-DNologon-Blogon-BUrl-,CUDNBlBU
DNologon-Blogon-BUrl-CUrl-,DNBlBUCU
Blogon-BUrl-CUrl-CSendEmail-,BlBUCUCS
BUrl-CUrl-CSendEmail-CUrl-,BUCUCSCU
CUrl-CSendEmail-CUrl-DNologon-,CUCSCUDN
CSendEmail-CUrl-DNologon-Blogon-,CSCUDNBl
CUrl-DNologon-Blogon-BSendEmail-,CUDNBlBS
DNologon-Blogon-BSendEmail-BUrl-,DNBlBSBU
Blogon-BSendEmail-BUrl-CUrl-,BlBSBUCU
BSendEmail-BUrl-CUrl-CNologon-,BSBUCUCN
BUrl-CUrl-CNologon-Blogon-,BUCUCNBl
CUrl-CNologon-Blogon-BUrl-,CUCNBlBU
CNologon-Blogon-BUrl-CUrl-,CNBlBUCU
Blogon-BUrl-CUrl-CSendEmail-,BlBUCUCS
BUrl-CUrl-CSendEmail-CUrl-,BUCUCSCU
CUrl-CSendEmail-CUrl-CNologon-,CUCSCUCN
CSendEmail-CUrl-CNologon-Blogon-,CSCUCNBl
CUrl-CNologon-Blogon-BUrl-,CUCNBlBU
CNologon-Blogon-BUrl-CSendEmail-,CNBlBUCS
Blogon-BUrl-CSendEmail-CUrl-,BlBUCSCU
BUrl-CSendEmail-CUrl-DUrl-,BUCSCUDU
CSendEmail-CUrl-DUrl-DNologon-,CSCUDUDN
CUrl-DUrl-DNologon-Blogon-,CUDUDNBl
DUrl-DNologon-Blogon-BUrl-,DUDNBlBU
DNologon-Blogon-BUrl-CUrl-,DNBlBUCU
Blogon-BUrl-CUrl-CNologon-,BlBUCUCN
BUrl-CUrl-CNologon-Blogon-,BUCUCNBl
CUrl-CNologon-Blogon-BUrl-,CUCNBlBU
CNologon-Blogon-BUrl-BSendEmail-,CNBlBUBS
Blogon-BUrl-BSendEmail-CUrl-,BlBUBSCU
BUrl-BSendEmail-CUrl-DNologon-,BUBSCUDN
BSendEmail-CUrl-DNologon-Blogon-,BSCUDNBl
CUrl-DNologon-Blogon-BUrl-,CUDNBlBU
DNologon-Blogon-BUrl-CUrl-,DNBlBUCU
Blogon-BUrl-CUrl-CSendEmail-,BlBUCUCS
BUrl-CUrl-CSendEmail-CUrl-,BUCUCSCU
CUrl-CSendEmail-CUrl-CNologon-,CUCSCUCN
CSendEmail-CUrl-CNologon-Blogon-,CSCUCNBl
CUrl-CNologon-Blogon-BUrl-,CUCNBlBU
CNologon-Blogon-BUrl-CUrl-,CNBlBUCU
Blogon-BUrl-CUrl-CSendEmail-,BlBUCUCS
BUrl-CUrl-CSendEmail-CUrl-,BUCUCSCU
CUrl-CSendEmail-CUrl-DNologon-,CUCSCUDN
CSendEmail-CUrl-DNologon-Blogon-,CSCUDNBl
CUrl-DNologon-Blogon-BUrl-,CUDNBlBU
DNologon-Blogon-BUrl-BSendEmail-,DNBlBUBS
Blogon-BUrl-BSendEmail-BUrl-,BlBUBSBU
BUrl-BSendEmail-BUrl-CUrl-,BUBSBUCU
BSendEmail-BUrl-CUrl-CNologon-,BSBUCUCN
BUrl-CUrl-CNologon-Blogon-,BUCUCNBl
CUrl-CNologon-Blogon-BUrl-,CUCNBlBU
CNologon-Blogon-BUrl-CUrl-,CNBlBUCU
Blogon-BUrl-CUrl-CSendEmail-,BlBUCUCS
BUrl-CUrl-CSendEmail-CUrl-,BUCUCSCU
CUrl-CSendEmail-CUrl-CNologon-,CUCSCUCN
CSendEmail-CUrl-CNologon-Blogon-,CSCUCNBl
CUrl-CNologon-Blogon-BSendEmail-,CUCNBlBS
CNologon-Blogon-BSendEmail-CUrl-,CNBlBSCU
Blogon-BSendEmail-CUrl-DNologon-,BlBSCUDN
BSendEmail-CUrl-DNologon-Blogon-,BSCUDNBl
CUrl-DNologon-Blogon-BUrl-,CUDNBlBU
DNologon-Blogon-BUrl-CUrl-,DNBlBUCU
Blogon-BUrl-CUrl-CSendEmail-,BlBUCUCS
BUrl-CUrl-CSendEmail-CUrl-,BUCUCSCU
CUrl-CSendEmail-CUrl-CNologon-,CUCSCUCN
CSendEmail-CUrl-CNologon-Blogon-,CSCUCNBl
CUrl-CNologon-Blogon-BUrl-,CUCNBlBU
CNologon-Blogon-BUrl-BSendEmail-,CNBlBUBS
Blogon-BUrl-BSendEmail-BUrl-,BlBUBSBU
BUrl-BSendEmail-BUrl-CUrl-,BUBSBUCU
BSendEmail-BUrl-CUrl-CNologon-,BSBUCUCN
BUrl-CUrl-CNologon-Blogon-,BUCUCNBl
CUrl-CNologon-Blogon-BUrl-,CUCNBlBU
CNologon-Blogon-BUrl-BSendEmail-,CNBlBUBS
Blogon-BUrl-BSendEmail-BUrl-,BlBUBSBU
BUrl-BSendEmail-BUrl-CUrl-,BUBSBUCU
BSendEmail-BUrl-CUrl-CNologon-,BSBUCUCN
BUrl-CUrl-CNologon-Blogon-,BUCUCNBl
CUrl-CNologon-Blogon-BSendEmail-,CUCNBlBS
CNologon-Blogon-BSendEmail-BUrl-,CNBlBSBU
Blogon-BSendEmail-BUrl-CUrl-,BlBSBUCU
BSendEmail-BUrl-CUrl-DNologon-,BSBUCUDN
BUrl-CUrl-DNologon-Blogon-,BUCUDNBl
CUrl-DNologon-Blogon-BSendEmail-,CUDNBlBS
DNologon-Blogon-BSendEmail-BUrl-,DNBlBSBU
Blogon-BSendEmail-BUrl-CSendEmail-,BlBSBUCS
BSendEmail-BUrl-CSendEmail-CUrl-,BSBUCSCU
BUrl-CSendEmail-CUrl-DNologon-,BUCSCUDN
CSendEmail-CUrl-DNologon-Blogon-,CSCUDNBl
CUrl-DNologon-Blogon-BUrl-,CUDNBlBU
DNologon-Blogon-BUrl-CUrl-,DNBlBUCU
Blogon-BUrl-CUrl-CSendEmail-,BlBUCUCS
BUrl-CUrl-CSendEmail-CUrl-,BUCUCSCU
CUrl-CSendEmail-CUrl-CNologon-,CUCSCUCN
CSendEmail-CUrl-CNologon-Blogon-,CSCUCNBl
CUrl-CNologon-Blogon-BUrl-,CUCNBlBU
CNologon-Blogon-BUrl-CUrl-,CNBlBUCU
Blogon-BUrl-CUrl-CSendEmail-,BlBUCUCS
BUrl-CUrl-CSendEmail-CUrl-,BUCUCSCU
CUrl-CSendEmail-CUrl-CNologon-,CUCSCUCN
CSendEmail-CUrl-CNologon-Blogon-,CSCUCNBl
CUrl-CNologon-Blogon-BUrl-,CUCNBlBU
CNologon-Blogon-BUrl-CUrl-,CNBlBUCU
Blogon-BUrl-CUrl-CSendEmail-,BlBUCUCS
BUrl-CUrl-CSendEmail-CNologon-,BUCUCSCN
CUrl-CSendEmail-CNologon-Blogon-,CUCSCNBl
CSendEmail-CNologon-Blogon-BUrl-,CSCNBlBU
CNologon-Blogon-BUrl-CUrl-,CNBlBUCU
Blogon-BUrl-CUrl-CSendEmail-,BlBUCUCS
BUrl-CUrl-CSendEmail-DNologon-,BUCUCSDN
CUrl-CSendEmail-DNologon-Blogon-,CUCSDNBl
CSendEmail-DNologon-Blogon-BUrl-,CSDNBlBU
DNologon-Blogon-BUrl-CUrl-,DNBlBUCU
Blogon-BUrl-CUrl-CSendEmail-,BlBUCUCS
BUrl-CUrl-CSendEmail-CNologon-,BUCUCSCN
CUrl-CSendEmail-CNologon-Blogon-,CUCSCNBl
CSendEmail-CNologon-Blogon-BUrl-,CSCNBlBU
CNologon-Blogon-BUrl-CUrl-,CNBlBUCU
Blogon-BUrl-CUrl-CSendEmail-,BlBUCUCS
BUrl-CUrl-CSendEmail-DNologon-,BUCUCSDN
CUrl-CSendEmail-DNologon-Blogon-,CUCSDNBl
CSendEmail-DNologon-Blogon-BUrl-,CSDNBlBU
DNologon-Blogon-BUrl-CUrl-,DNBlBUCU
Blogon-BUrl-CUrl-CSendEmail-,BlBUCUCS
BUrl-CUrl-CSendEmail-CUrl-,BUCUCSCU
CUrl-CSendEmail-CUrl-CNologon-,CUCSCUCN
CSendEmail-CUrl-CNologon-Blogon-,CSCUCNBl
CUrl-CNologon-Blogon-BUrl-,CUCNBlBU
CNologon-Blogon-BUrl-CUrl-,CNBlBUCU
Blogon-BUrl-CUrl-DSendEmail-,BlBUCUDS
BUrl-CUrl-DSendEmail-DNologon-,BUCUDSDN
CUrl-DSendEmail-DNologon-Blogon-,CUDSDNBl
DSendEmail-DNologon-Blogon-BUrl-,DSDNBlBU
DNologon-Blogon-BUrl-CUrl-,DNBlBUCU
Blogon-BUrl-CUrl-CSendEmail-,BlBUCUCS
BUrl-CUrl-CSendEmail-CNologon-,BUCUCSCN
CUrl-CSendEmail-CNologon-Blogon-,CUCSCNBl
CSendEmail-CNologon-Blogon-BUrl-,CSCNBlBU
CNologon-Blogon-BUrl-BSendEmail-,CNBlBUBS
Blogon-BUrl-BSendEmail-BUrl-,BlBUBSBU
BUrl-BSendEmail-BUrl-CUrl-,BUBSBUCU
BSendEmail-BUrl-CUrl-DNologon-,BSBUCUDN
BUrl-CUrl-DNologon-Blogon-,BUCUDNBl
CUrl-DNologon-Blogon-BUrl-,CUDNBlBU
DNologon-Blogon-BUrl-CUrl-,DNBlBUCU
Blogon-BUrl-CUrl-CSendEmail-,BlBUCUCS
BUrl-CUrl-CSendEmail-CUrl-,BUCUCSCU
CUrl-CSendEmail-CUrl-DUrl-,CUCSCUDU
CSendEmail-CUrl-DUrl-DNologon-,CSCUDUDN
CUrl-DUrl-DNologon-Blogon-,CUDUDNBl
DUrl-DNologon-Blogon-BUrl-,DUDNBlBU
DNologon-Blogon-BUrl-BSendEmail-,DNBlBUBS
Blogon-BUrl-BSendEmail-BUrl-,BlBUBSBU
BUrl-BSendEmail-BUrl-CSendEmail-,BUBSBUCS
BSendEmail-BUrl-CSendEmail-CUrl-,BSBUCSCU
BUrl-CSendEmail-CUrl-CNologon-,BUCSCUCN
CSendEmail-CUrl-CNologon-Blogon-,CSCUCNBl
CUrl-CNologon-Blogon-BUrl-,CUCNBlBU
CNologon-Blogon-BUrl-CSendEmail-,CNBlBUCS
Blogon-BUrl-CSendEmail-CUrl-,BlBUCSCU
BUrl-CSendEmail-CUrl-CNologon-,BUCSCUCN
CSendEmail-CUrl-CNologon-Blogon-,CSCUCNBl
CUrl-CNologon-Blogon-BUrl-,CUCNBlBU
CNologon-Blogon-BUrl-BSendEmail-,CNBlBUBS
Blogon-BUrl-BSendEmail-BUrl-,BlBUBSBU
BUrl-BSendEmail-BUrl-CUrl-,BUBSBUCU
BSendEmail-BUrl-CUrl-CNologon-,BSBUCUCN
BUrl-CUrl-CNologon-Blogon-,BUCUCNBl
CUrl-CNologon-Blogon-BUrl-,CUCNBlBU
CNologon-Blogon-BUrl-CUrl-,CNBlBUCU
Blogon-BUrl-CUrl-DSendEmail-,BlBUCUDS
BUrl-CUrl-DSendEmail-DNologon-,BUCUDSDN
CUrl-DSendEmail-DNologon-Blogon-,CUDSDNBl
DSendEmail-DNologon-Blogon-BUrl-,DSDNBlBU
DNologon-Blogon-BUrl-BSendEmail-,DNBlBUBS
Blogon-BUrl-BSendEmail-BUrl-,BlBUBSBU
BUrl-BSendEmail-BUrl-CUrl-,BUBSBUCU
BSendEmail-BUrl-CUrl-CNologon-,BSBUCUCN
BUrl-CUrl-CNologon-Blogon-,BUCUCNBl
CUrl-CNologon-Blogon-BUrl-,CUCNBlBU
CNologon-Blogon-BUrl-BSendEmail-,CNBlBUBS
Blogon-BUrl-BSendEmail-BUrl-,BlBUBSBU
BUrl-BSendEmail-BUrl-CUrl-,BUBSBUCU
BSendEmail-BUrl-CUrl-CSendEmail-,BSBUCUCS
BUrl-CUrl-CSendEmail-CUrl-,BUCUCSCU
CUrl-CSendEmail-CUrl-DNologon-,CUCSCUDN
CSendEmail-CUrl-DNologon-Blogon-,CSCUDNBl
CUrl-DNologon-Blogon-BUrl-,CUDNBlBU
DNologon-Blogon-BUrl-CSendEmail-,DNBlBUCS
Blogon-BUrl-CSendEmail-CUrl-,BlBUCSCU
BUrl-CSendEmail-CUrl-DNologon-,BUCSCUDN
CSendEmail-CUrl-DNologon-Blogon-,CSCUDNBl
CUrl-DNologon-Blogon-BUrl-,CUDNBlBU
DNologon-Blogon-BUrl-CUrl-,DNBlBUCU
Blogon-BUrl-CUrl-CSendEmail-,BlBUCUCS
BUrl-CUrl-CSendEmail-CUrl-,BUCUCSCU
CUrl-CSendEmail-CUrl-DNologon-,CUCSCUDN
CSendEmail-CUrl-DNologon-Blogon-,CSCUDNBl
CUrl-DNologon-Blogon-BUrl-,CUDNBlBU
DNologon-Blogon-BUrl-CUrl-,DNBlBUCU
Blogon-BUrl-CUrl-CSendEmail-,BlBUCUCS
BUrl-CUrl-CSendEmail-CUrl-,BUCUCSCU
CUrl-CSendEmail-CUrl-DNologon-,CUCSCUDN
CSendEmail-CUrl-DNologon-Blogon-,CSCUDNBl
CUrl-DNologon-Blogon-BUrl-,CUDNBlBU
DNologon-Blogon-BUrl-BSendEmail-,DNBlBUBS
Blogon-BUrl-BSendEmail-CUrl-,BlBUBSCU
BUrl-BSendEmail-CUrl-CSendEmail-,BUBSCUCS
BSendEmail-CUrl-CSendEmail-CUrl-,BSCUCSCU
CUrl-CSendEmail-CUrl-DNologon-,CUCSCUDN
CSendEmail-CUrl-DNologon-Blogon-,CSCUDNBl
CUrl-DNologon-Blogon-BUrl-,CUDNBlBU
DNologon-Blogon-BUrl-CUrl-,DNBlBUCU
Blogon-BUrl-CUrl-CSendEmail-,BlBUCUCS
BUrl-CUrl-CSendEmail-CUrl-,BUCUCSCU
CUrl-CSendEmail-CUrl-CNologon-,CUCSCUCN
CSendEmail-CUrl-CNologon-Blogon-,CSCUCNBl
CUrl-CNologon-Blogon-BUrl-,CUCNBlBU
CNologon-Blogon-BUrl-CUrl-,CNBlBUCU
Blogon-BUrl-CUrl-CSendEmail-,BlBUCUCS
BUrl-CUrl-CSendEmail-CUrl-,BUCUCSCU
CUrl-CSendEmail-CUrl-DNologon-,CUCSCUDN
CSendEmail-CUrl-DNologon-Blogon-,CSCUDNBl
CUrl-DNologon-Blogon-BSendEmail-,CUDNBlBS
DNologon-Blogon-BSendEmail-BUrl-,DNBlBSBU
Blogon-BSendEmail-BUrl-CUrl-,BlBSBUCU
BSendEmail-BUrl-CUrl-DUrl-,BSBUCUDU
BUrl-CUrl-DUrl-DNologon-,BUCUDUDN
CUrl-DUrl-DNologon-Blogon-,CUDUDNBl
DUrl-DNologon-Blogon-BUrl-,DUDNBlBU
DNologon-Blogon-BUrl-CUrl-,DNBlBUCU
Blogon-BUrl-CUrl-CSendEmail-,BlBUCUCS
BUrl-CUrl-CSendEmail-CUrl-,BUCUCSCU
CUrl-CSendEmail-CUrl-DNologon-,CUCSCUDN
CSendEmail-CUrl-DNologon-Blogon-,CSCUDNBl
CUrl-DNologon-Blogon-BUrl-,CUDNBlBU
DNologon-Blogon-BUrl-CUrl-,DNBlBUCU
Blogon-BUrl-CUrl-CSendEmail-,BlBUCUCS
BUrl-CUrl-CSendEmail-CUrl-,BUCUCSCU
CUrl-CSendEmail-CUrl-DNologon-,CUCSCUDN
CSendEmail-CUrl-DNologon-Blogon-,CSCUDNBl
CUrl-DNologon-Blogon-BUrl-,CUDNBlBU
DNologon-Blogon-BUrl-CUrl-,DNBlBUCU
Blogon-BUrl-CUrl-CSendEmail-,BlBUCUCS
BUrl-CUrl-CSendEmail-CNologon-,BUCUCSCN
CUrl-CSendEmail-CNologon-Blogon-,CUCSCNBl
CSendEmail-CNologon-Blogon-BUrl-,CSCNBlBU
CNologon-Blogon-BUrl-CUrl-,CNBlBUCU
Blogon-BUrl-CUrl-CSendEmail-,BlBUCUCS
BUrl-CUrl-CSendEmail-CUrl-,BUCUCSCU
CUrl-CSendEmail-CUrl-CNologon-,CUCSCUCN
CSendEmail-CUrl-CNologon-Blogon-,CSCUCNBl
CUrl-CNologon-Blogon-BUrl-,CUCNBlBU
CNologon-Blogon-BUrl-CUrl-,CNBlBUCU
Blogon-BUrl-CUrl-CSendEmail-,BlBUCUCS
BUrl-CUrl-CSendEmail-CUrl-,BUCUCSCU
CUrl-CSendEmail-CUrl-CNologon-,CUCSCUCN
CSendEmail-CUrl-CNologon-Blogon-,CSCUCNBl
CUrl-CNologon-Blogon-BUrl-,CUCNBlBU
CNologon-Blogon-BUrl-CSendEmail-,CNBlBUCS
Blogon-BUrl-CSendEmail-CUrl-,BlBUCSCU
BUrl-CSendEmail-CUrl-DUrl-,BUCSCUDU
CSendEmail-CUrl-DUrl-DNologon-,CSCUDUDN
CUrl-DUrl-DNologon-Blogon-,CUDUDNBl
DUrl-DNologon-Blogon-BUrl-,DUDNBlBU
DNologon-Blogon-BUrl-CUrl-,DNBlBUCU
Blogon-BUrl-CUrl-CNologon-,BlBUCUCN
BUrl-CUrl-CNologon-Blogon-,BUCUCNBl
CUrl-CNologon-Blogon-BUrl-,CUCNBlBU
CNologon-Blogon-BUrl-CUrl-,CNBlBUCU
Blogon-BUrl-CUrl-CSendEmail-,BlBUCUCS
BUrl-CUrl-CSendEmail-CUrl-,BUCUCSCU
CUrl-CSendEmail-CUrl-DNologon-,CUCSCUDN
CSendEmail-CUrl-DNologon-Blogon-,CSCUDNBl
CUrl-DNologon-Blogon-BUrl-,CUDNBlBU
DNologon-Blogon-BUrl-CSendEmail-,DNBlBUCS
Blogon-BUrl-CSendEmail-CUrl-,BlBUCSCU
BUrl-CSendEmail-CUrl-DNologon-,BUCSCUDN
CSendEmail-CUrl-DNologon-Blogon-,CSCUDNBl
CUrl-DNologon-Blogon-BUrl-,CUDNBlBU
DNologon-Blogon-BUrl-CUrl-,DNBlBUCU
Blogon-BUrl-CUrl-CSendEmail-,BlBUCUCS
BUrl-CUrl-CSendEmail-DNologon-,BUCUCSDN
CUrl-CSendEmail-DNologon-Blogon-,CUCSDNBl
CSendEmail-DNologon-Blogon-BUrl-,CSDNBlBU
DNologon-Blogon-BUrl-BSendEmail-,DNBlBUBS
Blogon-BUrl-BSendEmail-BUrl-,BlBUBSBU
BUrl-BSendEmail-BUrl-CUrl-,BUBSBUCU
BSendEmail-BUrl-CUrl-DNologon-,BSBUCUDN
BUrl-CUrl-DNologon-Blogon-,BUCUDNBl
CUrl-DNologon-Blogon-BUrl-,CUDNBlBU
DNologon-Blogon-BUrl-BSendEmail-,DNBlBUBS
Blogon-BUrl-BSendEmail-BUrl-,BlBUBSBU
BUrl-BSendEmail-BUrl-CUrl-,BUBSBUCU
BSendEmail-BUrl-CUrl-DNologon-,BSBUCUDN
BUrl-CUrl-DNologon-Blogon-,BUCUDNBl
CUrl-DNologon-Blogon-BUrl-,CUDNBlBU
DNologon-Blogon-BUrl-CUrl-,DNBlBUCU
Blogon-BUrl-CUrl-CSendEmail-,BlBUCUCS
BUrl-CUrl-CSendEmail-CUrl-,BUCUCSCU
CUrl-CSendEmail-CUrl-CNologon-,CUCSCUCN
CSendEmail-CUrl-CNologon-Blogon-,CSCUCNBl
CUrl-CNologon-Blogon-BUrl-,CUCNBlBU
CNologon-Blogon-BUrl-CUrl-,CNBlBUCU
Blogon-BUrl-CUrl-CSendEmail-,BlBUCUCS
BUrl-CUrl-CSendEmail-CNologon-,BUCUCSCN
CUrl-CSendEmail-CNologon-Blogon-,CUCSCNBl
CSendEmail-CNologon-Blogon-BUrl-,CSCNBlBU
CNologon-Blogon-BUrl-CUrl-,CNBlBUCU
Blogon-BUrl-CUrl-DUrl-,BlBUCUDU
BUrl-CUrl-DUrl-DNologon-,BUCUDUDN
CUrl-DUrl-DNologon-Blogon-,CUDUDNBl
DUrl-DNologon-Blogon-BUrl-,DUDNBlBU
DNologon-Blogon-BUrl-CUrl-,DNBlBUCU
Blogon-BUrl-CUrl-CSendEmail-,BlBUCUCS
BUrl-CUrl-CSendEmail-CUrl-,BUCUCSCU
CUrl-CSendEmail-CUrl-DNologon-,CUCSCUDN
CSendEmail-CUrl-DNologon-Blogon-,CSCUDNBl
CUrl-DNologon-Blogon-BUrl-,CUDNBlBU
DNologon-Blogon-BUrl-CUrl-,DNBlBUCU
Blogon-BUrl-CUrl-CSendEmail-,BlBUCUCS
BUrl-CUrl-CSendEmail-CUrl-,BUCUCSCU
CUrl-CSendEmail-CUrl-CNologon-,CUCSCUCN
CSendEmail-CUrl-CNologon-Blogon-,CSCUCNBl
CUrl-CNologon-Blogon-BUrl-,CUCNBlBU
CNologon-Blogon-BUrl-CUrl-,CNBlBUCU
Blogon-BUrl-CUrl-CSendEmail-,BlBUCUCS
BUrl-CUrl-CSendEmail-CUrl-,BUCUCSCU
CUrl-CSendEmail-CUrl-CNologon-,CUCSCUCN
CSendEmail-CUrl-CNologon-Blogon-,CSCUCNBl
CUrl-CNologon-Blogon-BUrl-,CUCNBlBU
CNologon-Blogon-BUrl-CUrl-,CNBlBUCU
Blogon-BUrl-CUrl-CSendEmail-,BlBUCUCS
BUrl-CUrl-CSendEmail-CUrl-,BUCUCSCU
CUrl-CSendEmail-CUrl-DNologon-,CUCSCUDN
CSendEmail-CUrl-DNologon-Blogon-,CSCUDNBl
CUrl-DNologon-Blogon-BUrl-,CUDNBlBU
DNologon-Blogon-BUrl-BSendEmail-,DNBlBUBS
Blogon-BUrl-BSendEmail-CUrl-,BlBUBSCU
BUrl-BSendEmail-CUrl-DNologon-,BUBSCUDN
BSendEmail-CUrl-DNologon-Blogon-,BSCUDNBl
CUrl-DNologon-Blogon-BUrl-,CUDNBlBU
DNologon-Blogon-BUrl-BSendEmail-,DNBlBUBS
Blogon-BUrl-BSendEmail-BUrl-,BlBUBSBU
BUrl-BSendEmail-BUrl-CUrl-,BUBSBUCU
BSendEmail-BUrl-CUrl-DNologon-,BSBUCUDN
BUrl-CUrl-DNologon-Blogon-,BUCUDNBl
CUrl-DNologon-Blogon-BUrl-,CUDNBlBU
DNologon-Blogon-BUrl-CUrl-,DNBlBUCU
Blogon-BUrl-CUrl-CSendEmail-,BlBUCUCS
BUrl-CUrl-CSendEmail-CUrl-,BUCUCSCU
CUrl-CSendEmail-CUrl-DNologon-,CUCSCUDN
CSendEmail-CUrl-DNologon-Blogon-,CSCUDNBl
CUrl-DNologon-Blogon-BUrl-,CUDNBlBU
DNologon-Blogon-BUrl-CUrl-,DNBlBUCU
Blogon-BUrl-CUrl-CSendEmail-,BlBUCUCS
BUrl-CUrl-CSendEmail-CUrl-,BUCUCSCU
CUrl-CSendEmail-CUrl-CNologon-,CUCSCUCN
CSendEmail-CUrl-CNologon-Blogon-,CSCUCNBl
CUrl-CNologon-Blogon-BUrl-,CUCNBlBU
CNologon-Blogon-BUrl-CUrl-,CNBlBUCU
Blogon-BUrl-CUrl-CSendEmail-,BlBUCUCS
BUrl-CUrl-CSendEmail-CUrl-,BUCUCSCU
CUrl-CSendEmail-CUrl-DNologon-,CUCSCUDN
CSendEmail-CUrl-DNologon-Blogon-,CSCUDNBl
CUrl-DNologon-Blogon-BSendEmail-,CUDNBlBS
DNologon-Blogon-BSendEmail-BUrl-,DNBlBSBU
Blogon-BSendEmail-BUrl-CUrl-,BlBSBUCU
BSendEmail-BUrl-CUrl-DNologon-,BSBUCUDN
BUrl-CUrl-DNologon-Blogon-,BUCUDNBl
CUrl-DNologon-Blogon-BUrl-,CUDNBlBU
DNologon-Blogon-BUrl-CUrl-,DNBlBUCU
Blogon-BUrl-CUrl-CSendEmail-,BlBUCUCS
BUrl-CUrl-CSendEmail-CUrl-,BUCUCSCU
CUrl-CSendEmail-CUrl-DNologon-,CUCSCUDN
CSendEmail-CUrl-DNologon-Blogon-,CSCUDNBl
CUrl-DNologon-Blogon-BUrl-,CUDNBlBU
DNologon-Blogon-BUrl-BSendEmail-,DNBlBUBS
Blogon-BUrl-BSendEmail-CUrl-,BlBUBSCU
BUrl-BSendEmail-CUrl-DUrl-,BUBSCUDU
BSendEmail-CUrl-DUrl-DNologon-,BSCUDUDN
CUrl-DUrl-DNologon-Blogon-,CUDUDNBl
DUrl-DNologon-Blogon-BUrl-,DUDNBlBU
DNologon-Blogon-BUrl-BSendEmail-,DNBlBUBS
Blogon-BUrl-BSendEmail-CUrl-,BlBUBSCU
BUrl-BSendEmail-CUrl-CNologon-,BUBSCUCN
BSendEmail-CUrl-CNologon-Blogon-,BSCUCNBl
CUrl-CNologon-Blogon-BUrl-,CUCNBlBU
CNologon-Blogon-BUrl-CUrl-,CNBlBUCU
Blogon-BUrl-CUrl-CSendEmail-,BlBUCUCS
BUrl-CUrl-CSendEmail-CUrl-,BUCUCSCU
CUrl-CSendEmail-CUrl-CNologon-,CUCSCUCN
CSendEmail-CUrl-CNologon-Blogon-,CSCUCNBl
CUrl-CNologon-Blogon-BUrl-,CUCNBlBU
CNologon-Blogon-BUrl-CUrl-,CNBlBUCU
Blogon-BUrl-CUrl-CSendEmail-,BlBUCUCS
BUrl-CUrl-CSendEmail-DNologon-,BUCUCSDN
CUrl-CSendEmail-DNologon-Blogon-,CUCSDNBl
CSendEmail-DNologon-Blogon-BUrl-,CSDNBlBU
DNologon-Blogon-BUrl-CSendEmail-,DNBlBUCS
Blogon-BUrl-CSendEmail-CUrl-,BlBUCSCU
BUrl-CSendEmail-CUrl-DNologon-,BUCSCUDN
CSendEmail-CUrl-DNologon-Blogon-,CSCUDNBl
CUrl-DNologon-Blogon-BUrl-,CUDNBlBU
DNologon-Blogon-BUrl-CSendEmail-,DNBlBUCS
Blogon-BUrl-CSendEmail-CUrl-,BlBUCSCU
BUrl-CSendEmail-CUrl-DNologon-,BUCSCUDN
CSendEmail-CUrl-DNologon-Blogon-,CSCUDNBl
CUrl-DNologon-Blogon-BUrl-,CUDNBlBU
DNologon-Blogon-BUrl-BSendEmail-,DNBlBUBS
Blogon-BUrl-BSendEmail-CUrl-,BlBUBSCU
BUrl-BSendEmail-CUrl-CSendEmail-,BUBSCUCS
BSendEmail-CUrl-CSendEmail-CUrl-,BSCUCSCU
CUrl-CSendEmail-CUrl-DNologon-,CUCSCUDN
CSendEmail-CUrl-DNologon-Blogon-,CSCUDNBl
CUrl-DNologon-Blogon-BUrl-,CUDNBlBU
DNologon-Blogon-BUrl-CSendEmail-,DNBlBUCS
Blogon-BUrl-CSendEmail-CUrl-,BlBUCSCU
BUrl-CSendEmail-CUrl-CNologon-,BUCSCUCN
CSendEmail-CUrl-CNologon-Blogon-,CSCUCNBl
CUrl-CNologon-Blogon-BUrl-,CUCNBlBU
CNologon-Blogon-BUrl-BSendEmail-,CNBlBUBS
Blogon-BUrl-BSendEmail-CUrl-,BlBUBSCU
BUrl-BSendEmail-CUrl-DNologon-,BUBSCUDN
BSendEmail-CUrl-DNologon-Blogon-,BSCUDNBl
CUrl-DNologon-Blogon-BUrl-,CUDNBlBU
DNologon-Blogon-BUrl-BSendEmail-,DNBlBUBS
Blogon-BUrl-BSendEmail-CUrl-,BlBUBSCU
BUrl-BSendEmail-CUrl-DUrl-,BUBSCUDU
BSendEmail-CUrl-DUrl-DNologon-,BSCUDUDN
CUrl-DUrl-DNologon-Blogon-,CUDUDNBl
DUrl-DNologon-Blogon-BUrl-,DUDNBlBU
DNologon-Blogon-BUrl-BSendEmail-,DNBlBUBS
Blogon-BUrl-BSendEmail-CUrl-,BlBUBSCU
BUrl-BSendEmail-CUrl-DNologon-,BUBSCUDN
BSendEmail-CUrl-DNologon-Blogon-,BSCUDNBl
CUrl-DNologon-Blogon-BUrl-,CUDNBlBU
DNologon-Blogon-BUrl-BSendEmail-,DNBlBUBS
Blogon-BUrl-BSendEmail-BUrl-,BlBUBSBU
BUrl-BSendEmail-BUrl-CUrl-,BUBSBUCU
BSendEmail-BUrl-CUrl-DNologon-,BSBUCUDN
BUrl-CUrl-DNologon-Blogon-,BUCUDNBl
CUrl-DNologon-Blogon-BUrl-,CUDNBlBU
DNologon-Blogon-BUrl-BSendEmail-,DNBlBUBS
Blogon-BUrl-BSendEmail-CUrl-,BlBUBSCU
BUrl-BSendEmail-CUrl-DNologon-,BUBSCUDN
BSendEmail-CUrl-DNologon-Blogon-,BSCUDNBl
CUrl-DNologon-Blogon-BUrl-,CUDNBlBU
DNologon-Blogon-BUrl-CUrl-,DNBlBUCU
Blogon-BUrl-CUrl-CSendEmail-,BlBUCUCS
BUrl-CUrl-CSendEmail-CUrl-,BUCUCSCU
CUrl-CSendEmail-CUrl-DNologon-,CUCSCUDN
CSendEmail-CUrl-DNologon-Blogon-,CSCUDNBl
CUrl-DNologon-Blogon-BUrl-,CUDNBlBU
DNologon-Blogon-BUrl-CUrl-,DNBlBUCU
Blogon-BUrl-CUrl-CSendEmail-,BlBUCUCS
BUrl-CUrl-CSendEmail-DNologon-,BUCUCSDN
CUrl-CSendEmail-DNologon-Blogon-,CUCSDNBl
CSendEmail-DNologon-Blogon-BUrl-,CSDNBlBU
DNologon-Blogon-BUrl-BSendEmail-,DNBlBUBS
Blogon-BUrl-BSendEmail-CUrl-,BlBUBSCU
BUrl-BSendEmail-CUrl-CNologon-,BUBSCUCN
BSendEmail-CUrl-CNologon-Blogon-,BSCUCNBl
CUrl-CNologon-Blogon-BUrl-,CUCNBlBU
CNologon-Blogon-BUrl-CUrl-,CNBlBUCU
Blogon-BUrl-CUrl-CSendEmail-,BlBUCUCS
BUrl-CUrl-CSendEmail-CUrl-,BUCUCSCU
CUrl-CSendEmail-CUrl-DNologon-,CUCSCUDN
CSendEmail-CUrl-DNologon-Blogon-,CSCUDNBl
CUrl-DNologon-Blogon-BUrl-,CUDNBlBU
DNologon-Blogon-BUrl-CUrl-,DNBlBUCU
Blogon-BUrl-CUrl-CSendEmail-,BlBUCUCS
BUrl-CUrl-CSendEmail-CUrl-,BUCUCSCU
CUrl-CSendEmail-CUrl-DNologon-,CUCSCUDN
CSendEmail-CUrl-DNologon-Blogon-,CSCUDNBl
CUrl-DNologon-Blogon-BUrl-,CUDNBlBU
DNologon-Blogon-BUrl-CUrl-,DNBlBUCU
Blogon-BUrl-CUrl-CSendEmail-,BlBUCUCS
BUrl-CUrl-CSendEmail-CUrl-,BUCUCSCU
CUrl-CSendEmail-CUrl-CNologon-,CUCSCUCN
CSendEmail-CUrl-CNologon-Blogon-,CSCUCNBl
CUrl-CNologon-Blogon-BUrl-,CUCNBlBU
CNologon-Blogon-BUrl-CUrl-,CNBlBUCU
Blogon-BUrl-CUrl-CSendEmail-,BlBUCUCS
BUrl-CUrl-CSendEmail-CUrl-,BUCUCSCU
CUrl-CSendEmail-CUrl-DNologon-,CUCSCUDN
CSendEmail-CUrl-DNologon-Blogon-,CSCUDNBl
CUrl-DNologon-Blogon-BUrl-,CUDNBlBU
DNologon-Blogon-BUrl-CUrl-,DNBlBUCU
Blogon-BUrl-CUrl-CSendEmail-,BlBUCUCS
BUrl-CUrl-CSendEmail-CUrl-,BUCUCSCU
CUrl-CSendEmail-CUrl-CNologon-,CUCSCUCN
CSendEmail-CUrl-CNologon-Blogon-,CSCUCNBl
CUrl-CNologon-Blogon-BUrl-,CUCNBlBU
CNologon-Blogon-BUrl-CUrl-,CNBlBUCU
Blogon-BUrl-CUrl-CSendEmail-,BlBUCUCS
BUrl-CUrl-CSendEmail-CUrl-,BUCUCSCU
CUrl-CSendEmail-CUrl-DUrl-,CUCSCUDU
CSendEmail-CUrl-DUrl-DNologon-,CSCUDUDN
CUrl-DUrl-DNologon-Blogon-,CUDUDNBl
DUrl-DNologon-Blogon-BUrl-,DUDNBlBU
DNologon-Blogon-BUrl-CSendEmail-,DNBlBUCS
Blogon-BUrl-CSendEmail-CUrl-,BlBUCSCU
BUrl-CSendEmail-CUrl-CNologon-,BUCSCUCN
CSendEmail-CUrl-CNologon-Blogon-,CSCUCNBl
CUrl-CNologon-Blogon-BUrl-,CUCNBlBU
CNologon-Blogon-BUrl-CUrl-,CNBlBUCU
Blogon-BUrl-CUrl-CSendEmail-,BlBUCUCS
BUrl-CUrl-CSendEmail-CUrl-,BUCUCSCU
CUrl-CSendEmail-CUrl-CNologon-,CUCSCUCN
CSendEmail-CUrl-CNologon-Blogon-,CSCUCNBl
CUrl-CNologon-Blogon-BUrl-,CUCNBlBU
CNologon-Blogon-BUrl-CSendEmail-,CNBlBUCS
Blogon-BUrl-CSendEmail-CUrl-,BlBUCSCU
BUrl-CSendEmail-CUrl-DNologon-,BUCSCUDN
CSendEmail-CUrl-DNologon-Blogon-,CSCUDNBl
CUrl-DNologon-Blogon-BUrl-,CUDNBlBU
DNologon-Blogon-BUrl-CUrl-,DNBlBUCU
Blogon-BUrl-CUrl-CSendEmail-,BlBUCUCS
BUrl-CUrl-CSendEmail-CUrl-,BUCUCSCU
CUrl-CSendEmail-CUrl-CNologon-,CUCSCUCN
CSendEmail-CUrl-CNologon-Blogon-,CSCUCNBl
CUrl-CNologon-Blogon-BUrl-,CUCNBlBU
CNologon-Blogon-BUrl-BSendEmail-,CNBlBUBS
Blogon-BUrl-BSendEmail-BUrl-,BlBUBSBU
BUrl-BSendEmail-BUrl-CUrl-,BUBSBUCU
BSendEmail-BUrl-CUrl-CNologon-,BSBUCUCN
BUrl-CUrl-CNologon-Blogon-,BUCUCNBl
CUrl-CNologon-Blogon-BSendEmail-,CUCNBlBS
CNologon-Blogon-BSendEmail-BUrl-,CNBlBSBU
Blogon-BSendEmail-BUrl-CUrl-,BlBSBUCU
BSendEmail-BUrl-CUrl-CNologon-,BSBUCUCN
BUrl-CUrl-CNologon-Blogon-,BUCUCNBl
CUrl-CNologon-Blogon-BUrl-,CUCNBlBU
CNologon-Blogon-BUrl-BSendEmail-,CNBlBUBS
Blogon-BUrl-BSendEmail-CUrl-,BlBUBSCU
BUrl-BSendEmail-CUrl-CNologon-,BUBSCUCN
BSendEmail-CUrl-CNologon-Blogon-,BSCUCNBl
CUrl-CNologon-Blogon-BSendEmail-,CUCNBlBS
CNologon-Blogon-BSendEmail-BUrl-,CNBlBSBU
Blogon-BSendEmail-BUrl-CUrl-,BlBSBUCU
BSendEmail-BUrl-CUrl-CNologon-,BSBUCUCN
BUrl-CUrl-CNologon-Blogon-,BUCUCNBl
CUrl-CNologon-Blogon-BUrl-,CUCNBlBU
CNologon-Blogon-BUrl-CUrl-,CNBlBUCU
Blogon-BUrl-CUrl-CSendEmail-,BlBUCUCS
BUrl-CUrl-CSendEmail-CUrl-,BUCUCSCU
CUrl-CSendEmail-CUrl-DNologon-,CUCSCUDN
CSendEmail-CUrl-DNologon-Blogon-,CSCUDNBl
CUrl-DNologon-Blogon-BUrl-,CUDNBlBU
DNologon-Blogon-BUrl-CUrl-,DNBlBUCU
Blogon-BUrl-CUrl-CSendEmail-,BlBUCUCS
BUrl-CUrl-CSendEmail-CNologon-,BUCUCSCN
CUrl-CSendEmail-CNologon-Blogon-,CUCSCNBl
CSendEmail-CNologon-Blogon-BUrl-,CSCNBlBU
CNologon-Blogon-BUrl-CSendEmail-,CNBlBUCS
Blogon-BUrl-CSendEmail-CUrl-,BlBUCSCU
BUrl-CSendEmail-CUrl-CNologon-,BUCSCUCN
CSendEmail-CUrl-CNologon-Blogon-,CSCUCNBl
CUrl-CNologon-Blogon-BUrl-,CUCNBlBU
CNologon-Blogon-BUrl-BSendEmail-,CNBlBUBS
Blogon-BUrl-BSendEmail-BUrl-,BlBUBSBU
BUrl-BSendEmail-BUrl-CUrl-,BUBSBUCU
BSendEmail-BUrl-CUrl-CNologon-,BSBUCUCN
BUrl-CUrl-CNologon-Blogon-,BUCUCNBl
CUrl-CNologon-Blogon-BUrl-,CUCNBlBU
CNologon-Blogon-BUrl-BSendEmail-,CNBlBUBS
Blogon-BUrl-BSendEmail-BUrl-,BlBUBSBU
BUrl-BSendEmail-BUrl-CUrl-,BUBSBUCU
BSendEmail-BUrl-CUrl-DUrl-,BSBUCUDU
BUrl-CUrl-DUrl-DNologon-,BUCUDUDN
CUrl-DUrl-DNologon-Blogon-,CUDUDNBl
DUrl-DNologon-Blogon-BUrl-,DUDNBlBU
DNologon-Blogon-BUrl-CUrl-,DNBlBUCU
Blogon-BUrl-CUrl-CSendEmail-,BlBUCUCS
BUrl-CUrl-CSendEmail-DUrl-,BUCUCSDU
CUrl-CSendEmail-DUrl-DNologon-,CUCSDUDN
CSendEmail-DUrl-DNologon-Blogon-,CSDUDNBl
DUrl-DNologon-Blogon-BUrl-,DUDNBlBU
DNologon-Blogon-BUrl-CSendEmail-,DNBlBUCS
Blogon-BUrl-CSendEmail-CUrl-,BlBUCSCU
BUrl-CSendEmail-CUrl-DUrl-,BUCSCUDU
CSendEmail-CUrl-DUrl-DNologon-,CSCUDUDN
CUrl-DUrl-DNologon-Blogon-,CUDUDNBl
DUrl-DNologon-Blogon-BSendEmail-,DUDNBlBS
DNologon-Blogon-BSendEmail-BUrl-,DNBlBSBU
Blogon-BSendEmail-BUrl-CUrl-,BlBSBUCU
BSendEmail-BUrl-CUrl-DNologon-,BSBUCUDN
BUrl-CUrl-DNologon-Blogon-,BUCUDNBl
CUrl-DNologon-Blogon-BUrl-,CUDNBlBU
DNologon-Blogon-BUrl-BSendEmail-,DNBlBUBS
Blogon-BUrl-BSendEmail-BUrl-,BlBUBSBU
BUrl-BSendEmail-BUrl-CUrl-,BUBSBUCU
